-- MySQL dump 10.13  Distrib 5.7.25, for Linux (x86_64)
--
-- Host: localhost    Database: learningpool
-- ------------------------------------------------------
-- Server version	5.7.25-0ubuntu0.18.04.2

/*!40101 SET @OLD_CHARACTER_SET_CLIENT=@@CHARACTER_SET_CLIENT */;
/*!40101 SET @OLD_CHARACTER_SET_RESULTS=@@CHARACTER_SET_RESULTS */;
/*!40101 SET @OLD_COLLATION_CONNECTION=@@COLLATION_CONNECTION */;
/*!40101 SET NAMES utf8 */;
/*!40103 SET @OLD_TIME_ZONE=@@TIME_ZONE */;
/*!40103 SET TIME_ZONE='+00:00' */;
/*!40014 SET @OLD_UNIQUE_CHECKS=@@UNIQUE_CHECKS, UNIQUE_CHECKS=0 */;
/*!40014 SET @OLD_FOREIGN_KEY_CHECKS=@@FOREIGN_KEY_CHECKS, FOREIGN_KEY_CHECKS=0 */;
/*!40101 SET @OLD_SQL_MODE=@@SQL_MODE, SQL_MODE='NO_AUTO_VALUE_ON_ZERO' */;
/*!40111 SET @OLD_SQL_NOTES=@@SQL_NOTES, SQL_NOTES=0 */;

--
-- Table structure for table `accesses`
--

DROP TABLE IF EXISTS `accesses`;
/*!40101 SET @saved_cs_client     = @@character_set_client */;
/*!40101 SET character_set_client = utf8 */;
CREATE TABLE `accesses` (
  `id` int(10) unsigned NOT NULL AUTO_INCREMENT,
  `name` varchar(255) COLLATE utf8mb4_unicode_ci NOT NULL,
  `created_at` timestamp NULL DEFAULT NULL,
  `updated_at` timestamp NULL DEFAULT NULL,
  PRIMARY KEY (`id`)
) ENGINE=InnoDB AUTO_INCREMENT=3 DEFAULT CHARSET=utf8mb4 COLLATE=utf8mb4_unicode_ci;
/*!40101 SET character_set_client = @saved_cs_client */;

--
-- Dumping data for table `accesses`
--

LOCK TABLES `accesses` WRITE;
/*!40000 ALTER TABLE `accesses` DISABLE KEYS */;
INSERT INTO `accesses` VALUES (1,'standard',NULL,NULL),(2,'manager',NULL,NULL);
/*!40000 ALTER TABLE `accesses` ENABLE KEYS */;
UNLOCK TABLES;

--
-- Table structure for table `clients`
--

DROP TABLE IF EXISTS `clients`;
/*!40101 SET @saved_cs_client     = @@character_set_client */;
/*!40101 SET character_set_client = utf8 */;
CREATE TABLE `clients` (
  `id` int(10) unsigned NOT NULL AUTO_INCREMENT,
  `name` varchar(255) COLLATE utf8mb4_unicode_ci NOT NULL,
  `created_at` timestamp NULL DEFAULT NULL,
  `updated_at` timestamp NULL DEFAULT NULL,
  PRIMARY KEY (`id`)
) ENGINE=InnoDB AUTO_INCREMENT=2 DEFAULT CHARSET=utf8mb4 COLLATE=utf8mb4_unicode_ci;
/*!40101 SET character_set_client = @saved_cs_client */;

--
-- Dumping data for table `clients`
--

LOCK TABLES `clients` WRITE;
/*!40000 ALTER TABLE `clients` DISABLE KEYS */;
INSERT INTO `clients` VALUES (1,'learningpool',NULL,NULL);
/*!40000 ALTER TABLE `clients` ENABLE KEYS */;
UNLOCK TABLES;

--
-- Table structure for table `course_contents`
--

DROP TABLE IF EXISTS `course_contents`;
/*!40101 SET @saved_cs_client     = @@character_set_client */;
/*!40101 SET character_set_client = utf8 */;
CREATE TABLE `course_contents` (
  `id` int(10) unsigned NOT NULL AUTO_INCREMENT,
  `course_id` int(10) unsigned NOT NULL,
  `position` int(11) NOT NULL,
  `section` varchar(255) COLLATE utf8mb4_unicode_ci NOT NULL,
  `content` text COLLATE utf8mb4_unicode_ci NOT NULL,
  `created_at` timestamp NULL DEFAULT NULL,
  `updated_at` timestamp NULL DEFAULT NULL,
  PRIMARY KEY (`id`),
  KEY `course_contents_course_id_index` (`course_id`),
  CONSTRAINT `course_contents_course_id_foreign` FOREIGN KEY (`course_id`) REFERENCES `courses` (`id`) ON DELETE CASCADE ON UPDATE CASCADE
) ENGINE=InnoDB AUTO_INCREMENT=501 DEFAULT CHARSET=utf8mb4 COLLATE=utf8mb4_unicode_ci;
/*!40101 SET character_set_client = @saved_cs_client */;

--
-- Dumping data for table `course_contents`
--

LOCK TABLES `course_contents` WRITE;
/*!40000 ALTER TABLE `course_contents` DISABLE KEYS */;
INSERT INTO `course_contents` VALUES (1,17,88,'ut','Error et sunt ad perspiciatis. Omnis et et sint aspernatur. Aut ab praesentium magni.','2019-02-18 11:32:13','2019-02-18 11:32:13'),(2,5,43,'ut','Vitae explicabo eius a ut tempore magni atque. Ut consectetur quo consequuntur alias quibusdam eos. Consequatur doloribus voluptatem placeat iusto.','2019-02-18 11:32:13','2019-02-18 11:32:13'),(3,11,97,'consequatur','Non consequatur eos aut voluptatem dolorem quidem. Earum ut sunt ab voluptatum quo repellendus voluptas. Tempore non eligendi consequatur eius. Ut natus voluptatum quaerat ea.','2019-02-18 11:32:13','2019-02-18 11:32:13'),(4,12,30,'tempora','Et dolores modi sed nihil et. Corporis eveniet deleniti veritatis placeat. Eum tenetur dolorum officiis cupiditate voluptas.','2019-02-18 11:32:13','2019-02-18 11:32:13'),(5,8,11,'quos','Ut quam omnis nihil velit voluptatibus expedita perferendis fuga. Hic quia natus minus quas ea neque iure. Assumenda assumenda et est error. Voluptatum et repellat quas soluta natus.','2019-02-18 11:32:13','2019-02-18 11:32:13'),(6,24,9,'blanditiis','Blanditiis deserunt tempora ut voluptatibus. Consequatur mollitia aut minus reprehenderit vel. Magnam ex a qui deserunt natus magni.','2019-02-18 11:32:13','2019-02-18 11:32:13'),(7,14,23,'dolores','Nobis ut vel rerum dolorem. Hic ut quod nobis nam esse quam qui quaerat. Officia in quia aut sed similique.','2019-02-18 11:32:13','2019-02-18 11:32:13'),(8,11,38,'qui','Enim deserunt asperiores et molestiae. Veniam ipsam enim aut tempore. Nihil doloribus eius aspernatur quia et ut.','2019-02-18 11:32:13','2019-02-18 11:32:13'),(9,3,4,'repellat','Et quis ipsa modi aut eos sunt. Id illum dignissimos molestiae distinctio quia dolores qui. Eaque eos dolorem voluptate porro corporis ea. Et perspiciatis laborum ab distinctio odit rem eum dicta.','2019-02-18 11:32:13','2019-02-18 11:32:13'),(10,3,71,'fugit','Tempora repellat consectetur non nisi at accusamus qui. Impedit nihil autem consequatur ut est eveniet. Voluptas ipsa officiis error rerum consequuntur.','2019-02-18 11:32:13','2019-02-18 11:32:13'),(11,1,7,'accusamus','Architecto et eveniet sed eum dignissimos vero fuga facere. Voluptates in animi aut quia iure. Dolorem eaque sapiente velit modi laudantium. Aut quis aliquid corrupti et commodi. Iure enim aut occaecati dicta et.','2019-02-18 11:32:13','2019-02-18 11:32:13'),(12,24,83,'fugiat','Et omnis vero qui veritatis laborum. Quia maiores perspiciatis minima qui corporis asperiores. In impedit a eos nemo fugiat aperiam amet. Ipsam architecto velit dolor aut molestias.','2019-02-18 11:32:13','2019-02-18 11:32:13'),(13,9,10,'omnis','Impedit qui perferendis quos est quam aut excepturi. Qui eligendi enim suscipit. Corrupti ea cupiditate rerum aut ut.','2019-02-18 11:32:13','2019-02-18 11:32:13'),(14,15,54,'culpa','Aut qui voluptates neque incidunt. Voluptatum aut suscipit qui impedit dolores placeat doloremque eum. Tempora sunt esse atque aut similique.','2019-02-18 11:32:13','2019-02-18 11:32:13'),(15,1,58,'quam','Aut eius magnam omnis. Voluptatem magnam ullam quia dicta sunt ut rerum. Quia perspiciatis similique eaque similique alias voluptas ducimus minima. Alias ipsum laborum et quidem. Id unde eveniet modi et necessitatibus dolor.','2019-02-18 11:32:13','2019-02-18 11:32:13'),(16,25,38,'quaerat','Quos sunt adipisci sed officia dolorem. Temporibus voluptatem non maxime optio molestiae illo quibusdam. Illo mollitia quam adipisci facere eaque. Dolorum minima et modi ad.','2019-02-18 11:32:13','2019-02-18 11:32:13'),(17,22,96,'tempore','Voluptatem dolore aut sit ea. Pariatur optio consequatur rerum maiores quis qui ipsam. Et aperiam sint omnis omnis voluptatum et. Aut et impedit est officiis laborum.','2019-02-18 11:32:13','2019-02-18 11:32:13'),(18,17,71,'aut','Aut sit delectus temporibus sunt deserunt. Qui quo qui explicabo distinctio. Esse vel vitae tempora enim. Vitae quo cupiditate quaerat vitae.','2019-02-18 11:32:13','2019-02-18 11:32:13'),(19,19,85,'aut','Alias ab dolores quia reiciendis eius earum odit. Dolor at assumenda quisquam enim quia.','2019-02-18 11:32:13','2019-02-18 11:32:13'),(20,8,30,'quia','Repudiandae molestiae saepe quaerat temporibus et doloribus voluptatum quam. Soluta saepe id deserunt iusto quis. Optio aspernatur laudantium autem aperiam sint. Perferendis iste officia libero totam iste voluptatem et corrupti.','2019-02-18 11:32:13','2019-02-18 11:32:13'),(21,19,98,'nihil','Qui inventore quia voluptas deserunt reiciendis ut ut. Exercitationem ab alias asperiores nesciunt sit.','2019-02-18 11:32:13','2019-02-18 11:32:13'),(22,7,81,'harum','Non distinctio dolorem quia et eos commodi neque. Debitis consectetur cumque ipsam dolorem quasi fugiat. Rerum nihil dolore quisquam voluptate dolor. Ab quidem sint velit.','2019-02-18 11:32:13','2019-02-18 11:32:13'),(23,23,60,'cumque','Nisi omnis nemo quia fugiat. Ut aut consequuntur nam eum modi distinctio est. Aliquam quis beatae aliquid dicta et nulla.','2019-02-18 11:32:13','2019-02-18 11:32:13'),(24,4,6,'dolores','Cumque quos sapiente rerum modi rerum et voluptas. Sit dolor sapiente dolorem ullam rerum. Esse repellendus asperiores distinctio laborum dolores sunt rem. Consequatur ipsum molestias doloremque est earum cumque animi.','2019-02-18 11:32:13','2019-02-18 11:32:13'),(25,12,96,'quisquam','Maxime vero nulla ut eius sapiente consequuntur odit. Sint iure est consequatur quia esse odio. Nostrum ut repudiandae repudiandae et exercitationem. Minima aut voluptas placeat atque dolor consequatur velit.','2019-02-18 11:32:13','2019-02-18 11:32:13'),(26,10,94,'et','Doloribus totam suscipit hic velit repellat. Voluptatem est eveniet praesentium exercitationem tempore rerum molestiae. Vel aut eum voluptatem cum. Ipsam qui ad iusto.','2019-02-18 11:32:13','2019-02-18 11:32:13'),(27,21,59,'nesciunt','Officiis nisi animi excepturi amet laudantium. Pariatur perspiciatis nemo sed eum repellat voluptatem dolorem explicabo. Nesciunt sint exercitationem a.','2019-02-18 11:32:13','2019-02-18 11:32:13'),(28,19,99,'aut','Voluptas facere vitae id alias et. Et perspiciatis suscipit perspiciatis provident architecto magnam possimus. Ipsa tempore nobis aut voluptatem quae. Ex a voluptas deserunt est qui molestias. Possimus placeat est et ipsum quia.','2019-02-18 11:32:13','2019-02-18 11:32:13'),(29,9,86,'vel','Earum ipsa qui id ex. Fugiat exercitationem voluptas voluptatem repudiandae. Dolores necessitatibus reprehenderit commodi minus suscipit. Eaque quis deserunt exercitationem aspernatur minima error.','2019-02-18 11:32:13','2019-02-18 11:32:13'),(30,20,20,'est','Et saepe itaque quis doloribus. Quaerat voluptatem deserunt non autem et. Eius sit aut eos dolore quas et maiores. Voluptates fugiat nihil est neque.','2019-02-18 11:32:13','2019-02-18 11:32:13'),(31,18,81,'consectetur','Qui id eius repudiandae laborum eligendi est. Optio quasi vero quia et. Odio nemo et qui. Sit ut repellat fugit dolor.','2019-02-18 11:32:13','2019-02-18 11:32:13'),(32,3,68,'vel','Illum laborum dignissimos et voluptatum sint eum exercitationem facilis. Harum rerum dignissimos odit totam voluptatibus quo architecto sequi. Neque ab quo culpa perferendis molestias est. Accusamus odio nam et sunt.','2019-02-18 11:32:13','2019-02-18 11:32:13'),(33,2,40,'nobis','Quos odio aut ex ut ratione ut. Quos est sed fugit error non voluptas quam cupiditate. Consectetur quia sunt in culpa.','2019-02-18 11:32:13','2019-02-18 11:32:13'),(34,13,6,'consequuntur','Velit consectetur quo reprehenderit architecto enim optio impedit. Tempora excepturi autem aperiam hic culpa. Doloribus velit et mollitia modi pariatur assumenda consequatur.','2019-02-18 11:32:13','2019-02-18 11:32:13'),(35,19,98,'aliquam','Rerum esse aut esse voluptatem. Aut voluptate omnis voluptatem cum qui. Dolorem cum possimus possimus nam aut ad perspiciatis. Sapiente culpa consequuntur repudiandae est qui magnam quaerat.','2019-02-18 11:32:13','2019-02-18 11:32:13'),(36,22,9,'non','Sed doloremque dolores natus et. Voluptatibus ut quo assumenda. Ut aut minima qui rerum eveniet. Quo aliquam expedita rerum eveniet in iusto nihil qui.','2019-02-18 11:32:13','2019-02-18 11:32:13'),(37,3,14,'et','Sed saepe cumque aut et iusto. Qui maxime quis architecto magni laudantium dolore. Temporibus omnis labore dicta harum aperiam. Incidunt dignissimos aspernatur dicta ut et.','2019-02-18 11:32:13','2019-02-18 11:32:13'),(38,11,64,'voluptatem','Sint ut molestiae in. Ex tenetur nihil deleniti inventore quia accusamus. Ab asperiores ab est et suscipit non nam. Et nihil nisi sunt harum alias id blanditiis magni.','2019-02-18 11:32:13','2019-02-18 11:32:13'),(39,1,25,'reprehenderit','Ut dolores quidem consequatur quaerat aut est. Libero voluptatem maxime et.','2019-02-18 11:32:13','2019-02-18 11:32:13'),(40,13,84,'non','Ut quasi nihil ipsam enim quibusdam reiciendis nemo. Quasi quod maiores cum deleniti vel accusamus aliquam. Cum sed itaque quia quos ut cumque deserunt. Harum nostrum quibusdam aut tenetur.','2019-02-18 11:32:13','2019-02-18 11:32:13'),(41,23,98,'dolores','Autem numquam quasi dignissimos unde ea vitae ea. Delectus assumenda illo asperiores maiores officiis. Numquam vel voluptate eum voluptatem.','2019-02-18 11:32:13','2019-02-18 11:32:13'),(42,20,72,'aut','Quos nobis et officia laudantium repudiandae. Voluptate ea vitae aperiam perspiciatis alias ut inventore. Libero qui quod hic sit sed. Reprehenderit est odit similique sed tempore sapiente molestias.','2019-02-18 11:32:13','2019-02-18 11:32:13'),(43,12,4,'nemo','Beatae hic commodi adipisci alias. Ea commodi praesentium in enim aliquam cupiditate. Quasi ducimus exercitationem dolorem voluptates consequatur consequatur. Ad impedit qui atque natus.','2019-02-18 11:32:13','2019-02-18 11:32:13'),(44,3,82,'quibusdam','Nihil est pariatur natus quo et. Id neque cum officia. Ipsa aut et quo dolorem rerum. Voluptas voluptatem quas corporis accusamus accusamus.','2019-02-18 11:32:13','2019-02-18 11:32:13'),(45,14,97,'distinctio','In minima delectus voluptas quasi. Fuga voluptatem sed quia corporis reprehenderit. Odio distinctio in eos ut aut nulla non omnis.','2019-02-18 11:32:13','2019-02-18 11:32:13'),(46,19,32,'dolores','Doloribus odio voluptas eos architecto sequi rerum. Enim odit numquam in sint ullam. Facere omnis nihil nihil voluptatem.','2019-02-18 11:32:13','2019-02-18 11:32:13'),(47,8,26,'magnam','Blanditiis repellat a possimus asperiores aut. Mollitia voluptate aut sint omnis unde voluptatem natus. Autem rerum ut corporis atque ipsam. Voluptatem fuga aliquam natus velit.','2019-02-18 11:32:13','2019-02-18 11:32:13'),(48,22,54,'eos','Alias veritatis reprehenderit suscipit voluptas provident occaecati sed. Qui quas et dignissimos et velit nulla et dolores. Laudantium sit distinctio consectetur ab. Exercitationem dolore veniam omnis sit sed.','2019-02-18 11:32:13','2019-02-18 11:32:13'),(49,12,77,'velit','Expedita mollitia quam nulla veniam. Et sed saepe tempora ullam ut. Perferendis libero dolore voluptatem voluptate repellendus commodi. Quisquam eum nulla et qui.','2019-02-18 11:32:13','2019-02-18 11:32:13'),(50,15,45,'ut','Vel aut dolor voluptatum sit sint at recusandae facere. Incidunt non consectetur nemo minima non earum modi unde. Explicabo inventore reprehenderit quas quia. Ad accusantium fugiat et beatae in enim. Molestiae eveniet facilis quasi et sed aliquid.','2019-02-18 11:32:13','2019-02-18 11:32:13'),(51,4,89,'dolorum','Dolor reprehenderit quis perspiciatis id dolorem unde similique. Aut quae magni amet adipisci. Dolores earum officia possimus earum recusandae.','2019-02-18 11:32:13','2019-02-18 11:32:13'),(52,19,78,'in','Iusto aperiam autem aperiam voluptatem unde est minima. Odio et quia enim doloribus rem fugit voluptatem.','2019-02-18 11:32:13','2019-02-18 11:32:13'),(53,5,47,'sunt','In repellendus doloribus quidem veritatis nulla. Blanditiis nisi fugiat sit provident expedita nihil. Corrupti aut nemo quia quis ex. Fuga voluptatum quis culpa sed praesentium aut. Voluptatem iste tempore aut dolores reprehenderit.','2019-02-18 11:32:13','2019-02-18 11:32:13'),(54,10,70,'ut','At sequi recusandae et. Modi porro molestiae autem error sunt quos necessitatibus. Animi facilis dolores quam explicabo autem expedita similique. Sunt quas tempora temporibus nihil veniam.','2019-02-18 11:32:13','2019-02-18 11:32:13'),(55,20,83,'architecto','Expedita animi est illo repellendus cum voluptas impedit. Amet expedita et sed numquam aliquam sint non. Et reiciendis placeat saepe ratione est eum sit natus.','2019-02-18 11:32:13','2019-02-18 11:32:13'),(56,25,50,'minus','Cumque aliquid aut architecto sapiente voluptas quam facere. Possimus labore animi quia sit sint. Et dolorem et et qui nisi.','2019-02-18 11:32:13','2019-02-18 11:32:13'),(57,5,83,'accusamus','Hic corrupti quo placeat velit. Tenetur non vel rerum dolorem. Dolor qui voluptate vero dolores. Consequuntur magnam quidem in consequuntur.','2019-02-18 11:32:13','2019-02-18 11:32:13'),(58,19,71,'non','Molestiae qui tempore blanditiis ea tempore sapiente. Error labore excepturi totam veniam minus est. Quia magni officiis voluptatem enim facere. Aut voluptas explicabo excepturi alias et repellendus pariatur. Pariatur nam corrupti ut praesentium illum excepturi.','2019-02-18 11:32:13','2019-02-18 11:32:13'),(59,19,33,'quia','Qui quos facere vel neque rerum voluptatum quasi. Sit aut sit eaque tempore. Non qui amet modi ipsa. Quibusdam assumenda quia et nihil sed aliquam dignissimos.','2019-02-18 11:32:13','2019-02-18 11:32:13'),(60,22,19,'ut','Placeat aliquid perspiciatis adipisci quas assumenda quibusdam similique. Amet corporis fuga eum itaque expedita maiores. Veniam qui laborum quia facere odit.','2019-02-18 11:32:13','2019-02-18 11:32:13'),(61,4,12,'voluptatum','Est est libero dolorem et quidem fugit dolores. Dolorem et aut deserunt ratione debitis magni. Maxime ipsa sed qui. Sed delectus autem non cumque itaque.','2019-02-18 11:32:13','2019-02-18 11:32:13'),(62,18,47,'nemo','Aliquid qui odit eum ut veritatis. Non repellendus fugit quas et aliquid quidem. Quibusdam iure officia molestiae nulla ut. Tempora sed ab sed quia.','2019-02-18 11:32:13','2019-02-18 11:32:13'),(63,10,72,'saepe','Fugiat aliquid enim omnis esse non laboriosam. Dolorem dolorem dolores id fugit dolor. Aut quas est beatae ab dolorem excepturi.','2019-02-18 11:32:13','2019-02-18 11:32:13'),(64,16,23,'voluptatum','Molestiae voluptatibus quibusdam doloremque doloremque voluptas. Iusto sequi architecto odit assumenda consequuntur voluptatibus minima. Quasi facere et a dolorum perferendis.','2019-02-18 11:32:13','2019-02-18 11:32:13'),(65,11,16,'aut','Quia laborum aut commodi. Ea nihil quis aliquid. Ad saepe omnis ex dicta eius odio aspernatur eos.','2019-02-18 11:32:13','2019-02-18 11:32:13'),(66,17,86,'pariatur','Aut ut corrupti earum sint molestiae omnis accusantium non. Animi ad vero sunt saepe. Sit fugiat voluptatem saepe laborum aut. Et consequatur ex molestiae nam. Ut eos voluptas sit.','2019-02-18 11:32:13','2019-02-18 11:32:13'),(67,12,57,'quibusdam','Sit nisi aut suscipit est odit. Sit voluptas molestias quis qui iure aliquid ipsum. Magni laudantium velit aliquid unde repudiandae assumenda similique. Est ut libero aut laborum. Officia et non id dignissimos facilis.','2019-02-18 11:32:13','2019-02-18 11:32:13'),(68,19,43,'nulla','Sed nihil numquam facilis voluptas eligendi id voluptatibus dolorum. Qui ipsam dolorum officia quasi quidem ut similique. Sed magni enim eos nemo omnis perferendis.','2019-02-18 11:32:13','2019-02-18 11:32:13'),(69,22,42,'et','Dicta omnis et necessitatibus neque eligendi voluptates consequatur. Unde veniam et saepe aut illo sunt. Nulla temporibus aliquam quod itaque sit est.','2019-02-18 11:32:13','2019-02-18 11:32:13'),(70,5,45,'eveniet','Nulla aut sit debitis error sed architecto delectus. Cupiditate non nihil architecto unde neque vero accusantium totam.','2019-02-18 11:32:13','2019-02-18 11:32:13'),(71,18,74,'explicabo','Consequatur pariatur nihil dignissimos quibusdam ut recusandae. Tempore voluptas est omnis aliquid. Perferendis vel possimus excepturi ut animi perferendis distinctio. Consequatur voluptas hic recusandae est quo.','2019-02-18 11:32:13','2019-02-18 11:32:13'),(72,7,55,'aliquid','Sed fuga sit ratione et commodi reiciendis. Soluta sed et nostrum. Quidem unde ratione quae.','2019-02-18 11:32:13','2019-02-18 11:32:13'),(73,13,93,'molestias','Praesentium et explicabo molestiae libero illo. Saepe omnis facilis velit deleniti. Laudantium dolor tenetur quia quia saepe quaerat ad unde.','2019-02-18 11:32:13','2019-02-18 11:32:13'),(74,16,64,'repudiandae','A commodi et libero eius consequatur nihil. Praesentium inventore ad nostrum et et assumenda exercitationem neque. Ut voluptas vel cum est. Earum nihil vel non ipsum.','2019-02-18 11:32:13','2019-02-18 11:32:13'),(75,11,44,'dicta','Quia occaecati ut impedit repudiandae ut assumenda enim. Voluptas et similique voluptatem velit ut. Maiores voluptas sit velit ea commodi quos inventore excepturi. Qui ut reprehenderit distinctio cupiditate voluptatum ipsam nihil cumque.','2019-02-18 11:32:13','2019-02-18 11:32:13'),(76,20,38,'ex','Odio sit iure sed itaque quia numquam. Animi iure earum consequatur fugit delectus. Qui molestias et ut sit. Dignissimos voluptates velit qui corrupti nesciunt ipsum.','2019-02-18 11:32:13','2019-02-18 11:32:13'),(77,13,81,'facilis','Nihil hic qui quasi voluptatem voluptatum. Deleniti ipsum voluptas ab est.','2019-02-18 11:32:13','2019-02-18 11:32:13'),(78,9,93,'voluptatem','Consectetur iure sint necessitatibus accusamus omnis. Harum temporibus a nesciunt illum amet at. Consequatur sapiente iusto ipsa consequatur occaecati occaecati. Ratione corrupti eligendi totam qui aliquam aut non.','2019-02-18 11:32:13','2019-02-18 11:32:13'),(79,9,48,'maxime','Ut minima voluptatibus ex voluptatem nobis voluptatem. Porro omnis porro rerum. Voluptatibus sunt qui laboriosam quasi porro voluptatem.','2019-02-18 11:32:13','2019-02-18 11:32:13'),(80,12,75,'doloremque','Perferendis sed adipisci ipsam et. Rerum ut sint nisi delectus. Minus perspiciatis consequatur quidem. Deserunt architecto id aliquid fugiat.','2019-02-18 11:32:13','2019-02-18 11:32:13'),(81,21,94,'voluptatem','Pariatur omnis officia et omnis laudantium facilis. Nihil deserunt optio fuga sit enim porro. Et aut veritatis officia quam.','2019-02-18 11:32:13','2019-02-18 11:32:13'),(82,2,13,'qui','Aperiam iure velit voluptate ullam voluptas doloribus. Alias vero fuga voluptas qui assumenda dicta. Quo voluptas dolorum totam autem autem unde praesentium. Dolor porro minima temporibus omnis et harum totam.','2019-02-18 11:32:13','2019-02-18 11:32:13'),(83,10,16,'dolorem','Natus quia adipisci assumenda saepe in debitis. Ipsa corporis aut suscipit. Ut molestiae placeat laborum consequuntur nemo ut tenetur aut.','2019-02-18 11:32:13','2019-02-18 11:32:13'),(84,21,51,'sint','Ducimus vero ut incidunt delectus eaque quia laudantium. Ut magnam molestiae vel voluptates quam. Omnis qui sit aut voluptatem ut.','2019-02-18 11:32:13','2019-02-18 11:32:13'),(85,7,37,'quod','Natus est sed eum. Id ut nostrum non qui velit nam doloremque. Voluptatem itaque autem omnis quo. Ipsam quia voluptatem soluta itaque. Quas quis voluptatem eum quis.','2019-02-18 11:32:13','2019-02-18 11:32:13'),(86,4,23,'dignissimos','Cum quisquam harum placeat similique quidem. Beatae voluptas dignissimos animi recusandae sed. Quam quis est fugit dignissimos aut nostrum. Blanditiis molestiae omnis autem consequatur voluptatibus quidem.','2019-02-18 11:32:13','2019-02-18 11:32:13'),(87,20,3,'dolorem','Ut dolor voluptas similique nobis. Eligendi est rem odio consequuntur quaerat voluptate id. Cupiditate et veritatis eveniet et dolores. Libero facere facere dolores qui officiis in.','2019-02-18 11:32:13','2019-02-18 11:32:13'),(88,15,28,'harum','Repellat eveniet quia et. Repudiandae maxime nihil quod dolor dolor est. A officiis maxime commodi totam doloribus culpa.','2019-02-18 11:32:13','2019-02-18 11:32:13'),(89,3,95,'reiciendis','Dignissimos quae magnam occaecati aut quae ea quasi praesentium. Id culpa qui adipisci illo vitae maxime. A dolorem optio quo sequi incidunt. Impedit repellat vel et cumque vel repellat doloribus.','2019-02-18 11:32:13','2019-02-18 11:32:13'),(90,23,12,'maiores','Quia dicta incidunt eveniet ad et est quo. Fuga ipsum id distinctio animi.','2019-02-18 11:32:13','2019-02-18 11:32:13'),(91,18,38,'consequuntur','Ex esse qui et numquam est est ut eum. Non et sapiente ratione repellat quasi similique. Repudiandae dolor et occaecati aspernatur.','2019-02-18 11:32:13','2019-02-18 11:32:13'),(92,9,24,'est','Deserunt id voluptas nobis et. Non qui fuga labore sed inventore eveniet harum. Cumque id quasi velit rerum aut veniam non alias. Odio sunt cupiditate eos quis perferendis. Sit consectetur est minima possimus aut.','2019-02-18 11:32:13','2019-02-18 11:32:13'),(93,7,1,'occaecati','Distinctio neque doloremque consequatur vel ipsam aliquid et. Doloremque mollitia facere facere quam enim aut qui.','2019-02-18 11:32:13','2019-02-18 11:32:13'),(94,14,76,'blanditiis','Quae sequi assumenda quia ratione quaerat. Ea impedit autem dolore. Tempore et enim dolores facere qui totam in velit. Quidem dolor repellat nulla et modi dolor hic alias.','2019-02-18 11:32:13','2019-02-18 11:32:13'),(95,8,77,'est','Eum dolorum deserunt nesciunt omnis provident sunt. A totam quod quam vel. Hic maiores nisi expedita enim voluptatem eligendi omnis. Repellendus est aut itaque unde.','2019-02-18 11:32:13','2019-02-18 11:32:13'),(96,21,7,'deserunt','Sit nulla dolores aliquid hic pariatur consequatur neque vel. Hic ea enim qui ea tempora illum. Consequatur consequatur rerum labore. Ab sapiente rem sapiente non illum. Ea eum beatae repellendus eos dolorum praesentium quo.','2019-02-18 11:32:13','2019-02-18 11:32:13'),(97,25,41,'earum','Laudantium in expedita qui sunt est sit atque pariatur. Ratione labore amet aut necessitatibus sit ut. Magni dolor quo rerum pariatur. Non quidem porro suscipit in consequuntur.','2019-02-18 11:32:13','2019-02-18 11:32:13'),(98,6,28,'aliquid','At rem vero nesciunt consequatur sed. Est molestiae tempore excepturi similique. Non laborum vel itaque.','2019-02-18 11:32:13','2019-02-18 11:32:13'),(99,14,17,'provident','Qui dicta laudantium quas soluta voluptatem. Sit neque ea voluptatem ut. Quae recusandae et illo impedit eveniet tempore ipsum. Est delectus laboriosam aut quisquam.','2019-02-18 11:32:13','2019-02-18 11:32:13'),(100,10,79,'sint','Enim et est voluptas sint quis quisquam ut. Doloribus necessitatibus eveniet praesentium nihil dolor placeat est. Quod est quae amet voluptates sed. Suscipit temporibus quis reiciendis aspernatur repellat.','2019-02-18 11:32:13','2019-02-18 11:32:13'),(101,8,8,'consequatur','Omnis corporis ut quo beatae ducimus labore minima. Est at nemo temporibus dolor. Iure rem voluptatem ipsam in.','2019-02-18 11:32:13','2019-02-18 11:32:13'),(102,19,83,'consequuntur','Itaque sit excepturi sed reiciendis qui. Recusandae sequi tempora eos tenetur aperiam. Quae veritatis ea sunt hic. Natus nisi animi voluptatum architecto.','2019-02-18 11:32:13','2019-02-18 11:32:13'),(103,7,89,'illum','Voluptates nihil minus ut facere aut optio. Voluptas ut quia et quis omnis voluptatem est quo.','2019-02-18 11:32:13','2019-02-18 11:32:13'),(104,14,37,'fugiat','Earum et consectetur sequi nesciunt expedita. Hic soluta natus dolorem eos illo. Id vel sint accusamus voluptas quia iure.','2019-02-18 11:32:13','2019-02-18 11:32:13'),(105,1,20,'deleniti','Accusantium reprehenderit sit et velit consequatur numquam dolorum. Eos nemo est illum vel distinctio beatae in. Et sit deleniti soluta repellat ut ab. Sit enim ea molestias consectetur et laudantium.','2019-02-18 11:32:13','2019-02-18 11:32:13'),(106,3,17,'nulla','Dolorum qui praesentium ipsam ullam rerum mollitia omnis. Asperiores illum voluptas id debitis nisi. Consequatur illo ut quia autem vitae. Nobis sequi veritatis est ipsam corporis quam debitis.','2019-02-18 11:32:13','2019-02-18 11:32:13'),(107,25,56,'enim','Necessitatibus delectus id voluptatem quia. Omnis quod ut saepe ut a. Impedit est facere aut dolore dolores.','2019-02-18 11:32:13','2019-02-18 11:32:13'),(108,20,46,'ut','Labore officia ipsa voluptas. Animi repudiandae beatae nobis quam necessitatibus quia eius. Voluptatem architecto inventore tempora dignissimos ex. Blanditiis et dolorum quam temporibus perferendis voluptas.','2019-02-18 11:32:13','2019-02-18 11:32:13'),(109,8,99,'id','Libero eum odio dolores natus. Consequatur doloremque et inventore vitae. Magnam ex molestias accusantium dolorum consequuntur enim est non. Cum id dolorem aliquid non aut consequuntur.','2019-02-18 11:32:13','2019-02-18 11:32:13'),(110,4,4,'id','Harum qui consequatur reiciendis sit sed. Aut dolor fugit soluta consequatur aut. Quam sunt hic molestiae.','2019-02-18 11:32:13','2019-02-18 11:32:13'),(111,10,29,'dolor','Accusantium laboriosam enim voluptas. Ea ut consectetur quis quis totam harum rerum. Aut molestias minus dolore dolorem quia quasi vitae.','2019-02-18 11:32:13','2019-02-18 11:32:13'),(112,12,51,'et','Ipsa nulla vel aut earum magni a eveniet. Adipisci vel aperiam magni exercitationem accusantium incidunt. Suscipit quisquam asperiores id voluptate quia natus. Aspernatur enim hic ex id molestias.','2019-02-18 11:32:13','2019-02-18 11:32:13'),(113,18,51,'illum','Maxime sit officiis porro eos nulla. Iste eveniet quibusdam quae officia nulla consequatur. Rerum reprehenderit alias non veritatis.','2019-02-18 11:32:13','2019-02-18 11:32:13'),(114,15,76,'minima','Recusandae velit eaque sunt sunt. Officia amet officiis et id commodi et aliquid. Ea eaque est et qui ut modi. Odit sunt vitae ut totam hic. Voluptas vitae doloribus earum deleniti fugit velit sit.','2019-02-18 11:32:13','2019-02-18 11:32:13'),(115,17,80,'quidem','Sit dolores et iusto molestias repellat in voluptatem. Magni voluptatem atque earum. Aut aut non enim.','2019-02-18 11:32:13','2019-02-18 11:32:13'),(116,5,70,'et','Vel perspiciatis error consequatur modi velit omnis quam. Consequuntur sit dolorem consequatur consequatur iusto architecto. Distinctio voluptas doloremque ullam saepe. Voluptas voluptatum beatae labore accusantium asperiores.','2019-02-18 11:32:13','2019-02-18 11:32:13'),(117,12,27,'eligendi','Sunt ducimus inventore repellat quibusdam architecto molestiae qui cupiditate. Qui ratione eos cupiditate et qui eos. Quos corporis quis enim et. Aut recusandae asperiores iusto temporibus.','2019-02-18 11:32:13','2019-02-18 11:32:13'),(118,19,17,'ut','Dolorem soluta et facere ut rerum ut. Id ex reiciendis id ut. Molestiae mollitia labore dolor ex. Quod corporis quia sit enim deserunt culpa.','2019-02-18 11:32:13','2019-02-18 11:32:13'),(119,15,74,'vel','Aut iusto ut repellat consectetur vero et. Et autem accusantium qui enim laudantium voluptates eum labore. Voluptatibus nam asperiores fugiat aut.','2019-02-18 11:32:13','2019-02-18 11:32:13'),(120,11,90,'blanditiis','Ullam beatae rerum sed molestias ab qui ut. Inventore repellendus amet est omnis. Voluptas eligendi eos rerum quia impedit.','2019-02-18 11:32:13','2019-02-18 11:32:13'),(121,2,41,'consequatur','Id consequuntur repellat dolor et. Praesentium dolores voluptatem incidunt esse. Dolorum voluptatibus magnam fuga est magnam totam non.','2019-02-18 11:32:13','2019-02-18 11:32:13'),(122,1,97,'autem','Recusandae ipsum ut et laborum et. Magnam voluptas explicabo dolor similique ab velit. Consectetur veniam dicta culpa molestias.','2019-02-18 11:32:13','2019-02-18 11:32:13'),(123,7,62,'ut','Dolorum nemo est et explicabo omnis quibusdam. Saepe qui aliquid ipsa. Excepturi et qui aut numquam sequi corrupti assumenda. Qui molestias laborum dolores sunt consequatur suscipit.','2019-02-18 11:32:13','2019-02-18 11:32:13'),(124,16,59,'a','Aspernatur nisi laborum autem ratione eveniet suscipit qui placeat. Sit suscipit veniam praesentium molestiae eos omnis. Accusamus itaque omnis reiciendis qui iusto. Nesciunt eum autem ut rerum mollitia.','2019-02-18 11:32:13','2019-02-18 11:32:13'),(125,14,72,'et','Quam aperiam vel alias. Aliquam labore eaque quod adipisci. Qui non ab voluptatem nobis dolor quas. Nam cupiditate placeat neque laborum quae ad expedita. Perferendis et et ut magnam vero et ullam.','2019-02-18 11:32:13','2019-02-18 11:32:13'),(126,4,84,'qui','Eaque doloribus fuga voluptatem provident fugiat fuga. Veritatis error eos iure perspiciatis qui.','2019-02-18 11:32:13','2019-02-18 11:32:13'),(127,11,23,'autem','Necessitatibus nostrum rerum ea voluptatum. Consequatur incidunt quia porro consequatur cupiditate laboriosam. Ut velit minima in rerum temporibus nulla enim.','2019-02-18 11:32:13','2019-02-18 11:32:13'),(128,9,24,'eum','Dolores eum id minus id nesciunt voluptatem nihil. Quia qui praesentium omnis corporis aut. Et quod animi velit reprehenderit atque. Deleniti in itaque et itaque.','2019-02-18 11:32:13','2019-02-18 11:32:13'),(129,3,26,'libero','Ullam nulla aspernatur recusandae accusamus omnis aut. Sed et est voluptas voluptas quae consequatur omnis. Et nihil dolorem non voluptatibus facilis qui aut. Ut corrupti unde ad dolorem.','2019-02-18 11:32:13','2019-02-18 11:32:13'),(130,12,41,'voluptatum','Ut est excepturi autem natus id dolor soluta. Omnis quia amet dignissimos atque qui sed perspiciatis. Porro ducimus dolorum consequatur officiis. Sint maxime quos ea illum.','2019-02-18 11:32:13','2019-02-18 11:32:13'),(131,19,73,'debitis','Omnis eaque sapiente veritatis et aut quaerat. Accusamus rem dolores libero ipsa dolores soluta. Nobis ipsum quibusdam excepturi ut molestiae omnis molestiae. Est et sit magni sunt.','2019-02-18 11:32:13','2019-02-18 11:32:13'),(132,10,47,'consequuntur','Ut nam libero odio nesciunt deserunt. Doloremque temporibus unde vero quo. Provident amet sed dolores et. Est est odit totam.','2019-02-18 11:32:13','2019-02-18 11:32:13'),(133,12,66,'blanditiis','Tempora ratione aspernatur aut provident non laudantium. Nisi voluptatibus natus ipsum non ex quia. Distinctio rem suscipit est sequi nam voluptatibus occaecati exercitationem.','2019-02-18 11:32:13','2019-02-18 11:32:13'),(134,20,83,'ea','Quam qui libero quasi porro vel amet quia. Quae atque voluptatem voluptate voluptas id repellat.','2019-02-18 11:32:13','2019-02-18 11:32:13'),(135,8,76,'repudiandae','Consectetur reprehenderit nihil odit voluptatem non praesentium eligendi vitae. Veniam laborum architecto voluptatem autem. Ea vel nostrum dolore perspiciatis maxime adipisci ab. Est est quia molestiae sed voluptatem voluptatem quis voluptatem. Qui voluptas sequi placeat rerum neque voluptatem.','2019-02-18 11:32:13','2019-02-18 11:32:13'),(136,22,71,'quia','Aut quos et tenetur ut eos laborum dolore vitae. Eos optio aspernatur non fugiat est repellendus. Incidunt pariatur enim dolorem placeat.','2019-02-18 11:32:13','2019-02-18 11:32:13'),(137,23,41,'eaque','Quo unde voluptates repellat beatae quis quisquam earum. Aut dicta reprehenderit vitae accusamus illum. Et atque praesentium iste aut quia repudiandae blanditiis modi. Qui adipisci quod sed itaque quia eum et.','2019-02-18 11:32:13','2019-02-18 11:32:13'),(138,18,70,'aut','Doloremque nulla quia placeat ipsa quas est cum. Id ex omnis vitae aspernatur nam molestiae. Aperiam et vel quia. Accusantium beatae eligendi hic omnis voluptas perspiciatis perspiciatis.','2019-02-18 11:32:13','2019-02-18 11:32:13'),(139,23,97,'rerum','Veritatis sint officiis vel et eum occaecati. In est autem autem vel similique. Nostrum nihil eaque omnis vel.','2019-02-18 11:32:13','2019-02-18 11:32:13'),(140,15,74,'blanditiis','Voluptatem atque placeat minima optio a rerum et. Voluptatem est dolorem vitae numquam. Deleniti reprehenderit non aut excepturi in quo.','2019-02-18 11:32:13','2019-02-18 11:32:13'),(141,16,74,'cupiditate','Natus ut aut praesentium consequatur. Soluta error minima voluptatem esse. Nulla error provident est vitae sapiente placeat tenetur sequi. Accusamus facere quia eligendi aut consequuntur sunt.','2019-02-18 11:32:13','2019-02-18 11:32:13'),(142,2,90,'porro','Esse deleniti sunt illo nobis dolorem placeat. Hic in explicabo eveniet repellat et voluptatem molestias. Nam maiores veniam eos consequatur. Porro id sit id saepe odio non. Nemo rerum debitis aspernatur eveniet autem officiis.','2019-02-18 11:32:13','2019-02-18 11:32:13'),(143,15,45,'ducimus','Quas rem dolor et facere est exercitationem nulla. Dolorum eaque qui ab amet porro doloremque totam. Quia exercitationem iusto velit qui natus saepe. Alias enim qui dicta commodi et.','2019-02-18 11:32:13','2019-02-18 11:32:13'),(144,23,48,'aliquid','Nulla nulla inventore ut accusamus illum et aut. Rem quia iusto quia reiciendis ullam doloribus qui. Eos pariatur totam est et praesentium rem temporibus. Facilis quos sed in pariatur rem.','2019-02-18 11:32:13','2019-02-18 11:32:13'),(145,11,87,'eum','Magnam perspiciatis assumenda consequuntur velit. Dolorem quis esse autem vitae quisquam eum. Illo beatae est dicta molestias ut hic.','2019-02-18 11:32:13','2019-02-18 11:32:13'),(146,24,5,'ratione','Mollitia fugit consequatur at vero id voluptate. Et minima saepe est voluptas.','2019-02-18 11:32:13','2019-02-18 11:32:13'),(147,14,72,'a','Nostrum perferendis in dolorem provident. Veritatis at tempore veritatis maiores.','2019-02-18 11:32:13','2019-02-18 11:32:13'),(148,1,78,'veniam','Autem voluptas rerum commodi officiis ut nisi dolor. Ut consequatur dolores qui recusandae. Accusantium quis omnis quod numquam est deleniti et dolores. Ut dolores quae quo beatae.','2019-02-18 11:32:13','2019-02-18 11:32:13'),(149,16,67,'nostrum','Ullam quidem voluptas eum. Libero recusandae quisquam porro esse sit. Atque ducimus cumque eos molestiae velit tempora.','2019-02-18 11:32:13','2019-02-18 11:32:13'),(150,16,35,'corporis','Quidem et a sequi voluptas. Eligendi id et libero et illo molestiae. Provident rerum consequatur omnis aut quos debitis ducimus officia.','2019-02-18 11:32:13','2019-02-18 11:32:13'),(151,20,43,'quisquam','Consectetur et voluptas consectetur hic aut. Tenetur voluptatem id facilis officia aspernatur.','2019-02-18 11:32:13','2019-02-18 11:32:13'),(152,1,94,'blanditiis','Hic omnis quod eveniet autem natus. Nulla vel tempora velit animi. Repudiandae explicabo quae qui ipsam molestias libero cum. Aut aspernatur exercitationem cum delectus ipsam quae.','2019-02-18 11:32:13','2019-02-18 11:32:13'),(153,18,74,'est','Debitis praesentium laudantium enim nulla accusantium quidem. Tempora voluptatem ex suscipit rem. Est placeat veniam minus id distinctio tempora.','2019-02-18 11:32:13','2019-02-18 11:32:13'),(154,3,20,'quis','Incidunt rerum ducimus ipsum aliquid vitae. Recusandae fugiat voluptate nemo est. Exercitationem sed consequuntur repudiandae explicabo animi repellendus. Nam tempore est blanditiis aliquid vitae nobis.','2019-02-18 11:32:13','2019-02-18 11:32:13'),(155,7,64,'aperiam','Quo voluptas dolor consequatur molestiae aut. Ea sed veniam in explicabo placeat. Itaque velit quia aspernatur omnis reiciendis et tempore. Tempora aliquid explicabo magni dignissimos qui reiciendis.','2019-02-18 11:32:13','2019-02-18 11:32:13'),(156,18,82,'dignissimos','Similique distinctio et iure consequatur voluptates delectus. Saepe assumenda assumenda qui nobis laborum. Unde laborum eum ut excepturi porro alias. Sequi eos enim omnis est. Dolor nihil voluptatem dolor et.','2019-02-18 11:32:13','2019-02-18 11:32:13'),(157,24,41,'iure','Aliquam vel qui id velit quis fuga ducimus. Voluptate exercitationem vitae facere autem quia quos eligendi in. Et velit ut laborum voluptates.','2019-02-18 11:32:13','2019-02-18 11:32:13'),(158,1,55,'nulla','Fugiat voluptates numquam corrupti quidem. Saepe nulla ut est ut corporis laboriosam totam. Quos in vel explicabo qui nulla voluptatem alias dignissimos.','2019-02-18 11:32:13','2019-02-18 11:32:13'),(159,18,92,'perspiciatis','Alias nam eius quis qui id. Sed provident quibusdam cupiditate. Sapiente natus illo ut officiis in ipsa fuga.','2019-02-18 11:32:13','2019-02-18 11:32:13'),(160,7,62,'veniam','Eos deserunt dolorem provident quo. Et fuga qui consequuntur ratione excepturi blanditiis. Illum ea culpa iusto fuga atque. Nostrum maiores omnis facilis velit et.','2019-02-18 11:32:13','2019-02-18 11:32:13'),(161,1,9,'iste','Veniam laborum quibusdam deleniti dolor qui rerum corrupti. Vitae maxime enim totam rerum qui quae nemo. Illo rerum eveniet rerum deserunt.','2019-02-18 11:32:13','2019-02-18 11:32:13'),(162,7,60,'natus','Ipsa ipsam omnis similique non. Est veritatis labore rerum sed.','2019-02-18 11:32:13','2019-02-18 11:32:13'),(163,6,61,'fugiat','Dolor quos unde laborum quia ipsa et. Non voluptatem illo molestiae recusandae inventore reiciendis voluptatem. Temporibus ut quod molestias qui hic asperiores.','2019-02-18 11:32:13','2019-02-18 11:32:13'),(164,12,27,'voluptatibus','Velit quia accusantium deleniti odio non necessitatibus reprehenderit. Aliquam rem ipsam nesciunt culpa libero. Sunt ut dolores ipsum omnis enim.','2019-02-18 11:32:13','2019-02-18 11:32:13'),(165,18,7,'error','Quo ipsum enim repellendus natus facilis est. Id aut unde sit occaecati. Ducimus non et ut porro. Sit vel quas optio in omnis.','2019-02-18 11:32:13','2019-02-18 11:32:13'),(166,24,49,'perferendis','Blanditiis molestias sit modi minus. Blanditiis voluptatem unde aut. Ea soluta ab iste ipsum. Assumenda alias autem laudantium est nihil.','2019-02-18 11:32:13','2019-02-18 11:32:13'),(167,12,62,'odit','Aliquam id atque necessitatibus ex amet at. Perspiciatis commodi dolor reiciendis voluptatem quam. Blanditiis et id aspernatur id repellendus pariatur vitae nihil.','2019-02-18 11:32:13','2019-02-18 11:32:13'),(168,17,26,'ratione','Molestias error illum vel deserunt non autem et. Ea consequuntur error rem et earum occaecati. Nulla aut doloremque vel dolore optio porro eius facere. Sunt nisi quia sed repudiandae qui.','2019-02-18 11:32:13','2019-02-18 11:32:13'),(169,14,96,'et','Non occaecati blanditiis voluptates voluptatem dignissimos architecto nam pariatur. Qui ut consectetur voluptas hic deleniti. Officiis pariatur quis quidem molestiae aspernatur et autem ut. Dolorem est enim itaque quisquam vel est iusto maiores.','2019-02-18 11:32:13','2019-02-18 11:32:13'),(170,16,71,'enim','Nulla nihil soluta ipsa magni et. Sit autem sequi ut animi dolorum officiis. Molestiae vero esse et qui corporis.','2019-02-18 11:32:13','2019-02-18 11:32:13'),(171,1,14,'voluptate','Consequatur occaecati vel unde a accusamus. Asperiores corrupti praesentium nam et ratione quam. Nostrum quia id nihil numquam qui excepturi.','2019-02-18 11:32:13','2019-02-18 11:32:13'),(172,14,98,'maiores','Corporis pariatur voluptatibus molestias consequatur consequatur maxime. Soluta quis voluptas eos. Fuga voluptate et quia quia recusandae nam. Est atque quos perspiciatis.','2019-02-18 11:32:13','2019-02-18 11:32:13'),(173,2,93,'vitae','Aliquam sit quod nihil tempore. Quia ipsam blanditiis deserunt est architecto sequi aspernatur et. Dolore debitis et vitae tempore sunt perferendis.','2019-02-18 11:32:13','2019-02-18 11:32:13'),(174,17,52,'laboriosam','Odit ea accusamus qui maiores eos. Est est fugiat consequatur qui illum consequatur et.','2019-02-18 11:32:13','2019-02-18 11:32:13'),(175,4,19,'consequatur','Ipsum reiciendis nobis error ea et adipisci facere. Ipsa qui modi porro vero adipisci cumque. Minus nam at vel et quia doloremque. Provident nulla est quia qui ut molestiae ullam quae.','2019-02-18 11:32:13','2019-02-18 11:32:13'),(176,23,61,'cum','Voluptatum totam et eum alias unde illo delectus. Molestias non cumque fuga fuga ullam. Cupiditate iste enim molestiae cumque est earum. Nulla similique asperiores qui quidem est.','2019-02-18 11:32:13','2019-02-18 11:32:13'),(177,15,43,'expedita','Iste aut esse earum vel dolor labore dicta. Ut quia quam placeat iusto. Tempore itaque rerum expedita est aut qui dolor.','2019-02-18 11:32:13','2019-02-18 11:32:13'),(178,22,63,'veniam','Placeat fugiat deleniti voluptates dolorum eos ex sapiente. Aut quibusdam placeat omnis ratione temporibus. Quae voluptatem et vero et ex.','2019-02-18 11:32:13','2019-02-18 11:32:13'),(179,24,77,'sint','Aut modi aperiam fugiat. Quis ipsa libero quo. Consequuntur reiciendis aliquid possimus ipsam consequatur. Maxime modi quia perspiciatis temporibus deserunt exercitationem.','2019-02-18 11:32:13','2019-02-18 11:32:13'),(180,1,25,'corporis','Tenetur ad nihil et aperiam quo omnis assumenda. Alias sint hic doloribus. Rem aliquid ea omnis provident.','2019-02-18 11:32:13','2019-02-18 11:32:13'),(181,12,11,'praesentium','Enim officia aut id aperiam. Quia magnam fuga perspiciatis laudantium. Velit aperiam aliquam voluptas repudiandae quaerat est ea.','2019-02-18 11:32:13','2019-02-18 11:32:13'),(182,5,84,'dolor','Asperiores possimus ullam est. Exercitationem cupiditate quas ab est maiores. Tempora sint ullam id facilis sit voluptas ipsum. Ut illo velit rerum voluptatem.','2019-02-18 11:32:13','2019-02-18 11:32:13'),(183,3,99,'dignissimos','In voluptatem cum laudantium est veritatis aut. Quis vitae rerum voluptatibus modi modi aut sed. Qui quos ab molestias quis nisi inventore quis. Qui quidem placeat reprehenderit.','2019-02-18 11:32:13','2019-02-18 11:32:13'),(184,1,71,'velit','Voluptatem numquam dolore et vero nisi rerum totam. Vel ab vitae commodi similique.','2019-02-18 11:32:13','2019-02-18 11:32:13'),(185,22,56,'repellendus','Aut eveniet laborum fugiat pariatur laboriosam. Dolorum nulla at magnam. Repellat placeat in nostrum laudantium minima.','2019-02-18 11:32:13','2019-02-18 11:32:13'),(186,9,11,'maxime','Minima minus et in occaecati error aliquam eius. Numquam rerum maiores ut et. Perspiciatis qui labore accusamus tempore.','2019-02-18 11:32:13','2019-02-18 11:32:13'),(187,10,13,'id','Iure est aut officia consequatur aperiam veniam aspernatur omnis. Non fuga et sint assumenda. Laboriosam eos voluptas consequuntur aut et praesentium. Commodi corporis aut autem non. Minus quo vero incidunt sint.','2019-02-18 11:32:13','2019-02-18 11:32:13'),(188,2,58,'excepturi','Est autem aspernatur rerum modi sint dolorem rem. Consequatur adipisci quia expedita officia sit. Sint praesentium voluptatem aut molestiae vel voluptatibus sit. Et quia dolores voluptatum rerum quia rerum.','2019-02-18 11:32:13','2019-02-18 11:32:13'),(189,11,21,'quae','Numquam a ut qui voluptas iusto. Odit non ipsam sint qui consequuntur cum rem. Facere repellendus sed officiis esse. Facere commodi harum animi modi alias.','2019-02-18 11:32:13','2019-02-18 11:32:13'),(190,19,71,'porro','Iste quis possimus et sunt. Possimus eius rem est adipisci blanditiis est. At voluptas adipisci in in. Et deleniti voluptatum assumenda sunt eligendi quia voluptatem non.','2019-02-18 11:32:13','2019-02-18 11:32:13'),(191,23,82,'recusandae','Fugit commodi accusantium quos. Qui ut impedit quas dignissimos. Molestiae minus ut dolores amet numquam vitae qui doloribus.','2019-02-18 11:32:13','2019-02-18 11:32:13'),(192,19,48,'omnis','Odit corrupti similique ipsum sint non quidem. Dignissimos explicabo facere occaecati in. Necessitatibus dolorum maxime voluptas atque.','2019-02-18 11:32:13','2019-02-18 11:32:13'),(193,14,7,'laboriosam','Iusto adipisci earum aut amet fugiat. Et qui quae eum ea optio. Asperiores omnis dolor quis debitis rerum laborum et. Illo mollitia et exercitationem et deleniti repudiandae nihil.','2019-02-18 11:32:13','2019-02-18 11:32:13'),(194,17,94,'non','Necessitatibus aut ut quaerat sunt. Qui ut impedit repudiandae. Officia nemo nostrum sed. Quo dicta corporis eos tempore necessitatibus ullam ut a.','2019-02-18 11:32:13','2019-02-18 11:32:13'),(195,8,7,'tempora','Quia ut occaecati qui magnam. Quia et optio qui officia. Quisquam accusantium unde soluta impedit odio ut.','2019-02-18 11:32:13','2019-02-18 11:32:13'),(196,24,100,'exercitationem','Et neque dolorum et distinctio veritatis dignissimos. Cum magni voluptates libero nam aut rem. Possimus eos inventore sint quidem ut est.','2019-02-18 11:32:13','2019-02-18 11:32:13'),(197,23,79,'voluptates','Labore rem officiis reprehenderit odit. Qui possimus voluptatibus aut nihil quaerat. Eos dolore consectetur commodi enim non.','2019-02-18 11:32:13','2019-02-18 11:32:13'),(198,22,72,'occaecati','Dignissimos voluptates molestiae at at illum aliquid. Minus ipsum repellendus maiores animi voluptate in. Aut dolorem ea aut laboriosam nobis.','2019-02-18 11:32:13','2019-02-18 11:32:13'),(199,15,84,'aspernatur','Aut ea eos corrupti odit inventore in. Perspiciatis magnam qui natus esse corporis saepe. Animi ullam quia dolorum alias eius accusamus unde qui. Facere facilis quia aut autem nemo impedit.','2019-02-18 11:32:13','2019-02-18 11:32:13'),(200,25,13,'soluta','Vero ut eligendi vero dicta. Hic recusandae sunt itaque similique est quo omnis. Quod sit eos quia autem modi quod corporis. Harum dolor dolor ex facilis adipisci aperiam aut dicta.','2019-02-18 11:32:13','2019-02-18 11:32:13'),(201,9,62,'ullam','Sequi maxime ea aspernatur aut occaecati corporis sit. Rerum vel vel voluptatum vel iste. Rerum quibusdam eaque iure perspiciatis assumenda minima aut error.','2019-02-18 11:32:13','2019-02-18 11:32:13'),(202,2,47,'recusandae','Qui qui sapiente aut quis provident. Doloribus doloribus aperiam dolorem molestiae. Voluptate id voluptatum expedita earum.','2019-02-18 11:32:13','2019-02-18 11:32:13'),(203,9,11,'ut','Quis eos hic ea accusamus delectus sit. Voluptatum provident repellat voluptas. Libero molestias consequuntur dolore necessitatibus. Expedita quia iusto eum quibusdam.','2019-02-18 11:32:13','2019-02-18 11:32:13'),(204,25,33,'et','Provident odio aut eius nostrum. Quis corporis mollitia ea quas. Laudantium magni reprehenderit neque commodi quo eum. Voluptatum sed voluptas numquam eaque.','2019-02-18 11:32:13','2019-02-18 11:32:13'),(205,15,5,'optio','Voluptatibus reprehenderit eos architecto in fugiat sapiente eum. Rerum dolor animi modi aliquid mollitia culpa velit laboriosam. Dolorem dignissimos maiores qui enim voluptas sint.','2019-02-18 11:32:13','2019-02-18 11:32:13'),(206,15,26,'temporibus','Quis blanditiis modi nostrum rerum nostrum asperiores autem. Tempore non qui quod optio explicabo aut nisi. Quasi explicabo sapiente quo quia.','2019-02-18 11:32:13','2019-02-18 11:32:13'),(207,20,41,'doloribus','Consequatur ipsam eligendi eum cum hic sed quaerat iusto. Nostrum et magnam assumenda vero. Blanditiis temporibus dolor in laborum quae. Ab commodi quia corrupti occaecati.','2019-02-18 11:32:13','2019-02-18 11:32:13'),(208,25,7,'aut','Id molestiae incidunt unde et. Alias alias officia perspiciatis cupiditate maiores perferendis ad. Consequatur corrupti non facilis voluptatem corrupti.','2019-02-18 11:32:13','2019-02-18 11:32:13'),(209,1,87,'dolore','Cum nisi dolores illum qui ut. Perferendis corporis non officiis velit. Ullam repudiandae tempora dolores repellendus velit laudantium et.','2019-02-18 11:32:13','2019-02-18 11:32:13'),(210,23,44,'saepe','Tenetur hic unde sit minus. Quia ipsam rerum doloremque numquam voluptatibus amet vel. Et tenetur recusandae dolores. Vitae rerum voluptatem minus rem quam pariatur dolorem.','2019-02-18 11:32:13','2019-02-18 11:32:13'),(211,13,54,'natus','Sunt eum nemo cupiditate. Aut quos illum occaecati commodi et. Dolore dolorem rerum corporis necessitatibus quos.','2019-02-18 11:32:13','2019-02-18 11:32:13'),(212,17,85,'eum','Voluptatem quia odit dolorem at beatae corporis soluta rerum. Omnis vel veritatis qui atque voluptas quibusdam tempore a. Facere est illum odit consequatur laborum.','2019-02-18 11:32:13','2019-02-18 11:32:13'),(213,8,90,'sit','Vel fugit explicabo natus quia fugiat dolor. Alias vel perspiciatis adipisci. Perferendis dolorum exercitationem autem ab ad quaerat minima facere.','2019-02-18 11:32:13','2019-02-18 11:32:13'),(214,10,41,'voluptatum','Provident aut et natus necessitatibus dolor culpa commodi. Sequi quibusdam in sit consequatur expedita. Sunt aut magnam natus. Rerum possimus rem libero dolor. Eius a rerum nam aliquid.','2019-02-18 11:32:13','2019-02-18 11:32:13'),(215,20,79,'dolorem','Vel dolores voluptatem sed possimus architecto natus aut voluptatem. Ipsam molestiae error provident omnis ipsam voluptas. Tenetur dolorem sint fugiat eligendi nostrum. Aliquam eius amet aut temporibus tenetur.','2019-02-18 11:32:13','2019-02-18 11:32:13'),(216,5,81,'assumenda','Est nobis consequatur perferendis dolore iusto. Et illum neque nemo omnis quia. Reprehenderit sint quasi repudiandae non.','2019-02-18 11:32:13','2019-02-18 11:32:13'),(217,9,99,'sit','Dicta incidunt et sapiente quidem. Cupiditate inventore id ut.','2019-02-18 11:32:13','2019-02-18 11:32:13'),(218,21,94,'et','Suscipit unde quia illum sit qui. Suscipit sed vitae nihil quas consectetur aut. Non dolores incidunt id amet dolorem.','2019-02-18 11:32:13','2019-02-18 11:32:13'),(219,10,68,'beatae','Incidunt sint culpa ut impedit magni dicta aut. Et ullam non ut omnis eaque consequuntur dignissimos. Aliquam tempore doloremque placeat accusamus ea.','2019-02-18 11:32:13','2019-02-18 11:32:13'),(220,24,53,'aspernatur','Iusto sit quos enim. Consequatur atque est quia minus omnis. Aut illo animi fugiat consequatur.','2019-02-18 11:32:13','2019-02-18 11:32:13'),(221,3,98,'eos','Aut velit ut molestiae sed odio iusto. Sit illum quidem iure rerum accusamus beatae nam. Cum et non nostrum. Impedit a voluptate corrupti quis quos beatae.','2019-02-18 11:32:13','2019-02-18 11:32:13'),(222,18,92,'totam','Ut exercitationem dolorum commodi ullam. Ad amet voluptatem asperiores modi voluptas aperiam qui. Asperiores in dicta expedita omnis sunt est. Quis nesciunt optio eum perspiciatis fugiat explicabo iste.','2019-02-18 11:32:13','2019-02-18 11:32:13'),(223,24,17,'porro','Minima vitae dignissimos amet dolore. Veniam qui non id quo ut. Odit eius qui velit autem et. Non neque eos autem.','2019-02-18 11:32:13','2019-02-18 11:32:13'),(224,6,9,'cumque','Eum dolorum enim est molestias. Inventore et dicta impedit dolorem accusantium hic corrupti. Animi ullam eum sunt eos.','2019-02-18 11:32:13','2019-02-18 11:32:13'),(225,19,16,'ab','Laborum sed non nemo explicabo dolorum. Ut quia ducimus est. Eius est nostrum dolores. Alias numquam rerum et soluta.','2019-02-18 11:32:13','2019-02-18 11:32:13'),(226,10,50,'doloribus','Ut reprehenderit adipisci impedit ratione laboriosam. Fuga sunt maiores at tempora libero adipisci inventore. Corrupti architecto iure exercitationem.','2019-02-18 11:32:13','2019-02-18 11:32:13'),(227,13,14,'quo','Rerum adipisci voluptate temporibus doloribus nisi magni. Illum et non quisquam iusto harum eum quo. Et omnis rem nobis. Omnis velit non ea aut consequuntur enim eos.','2019-02-18 11:32:13','2019-02-18 11:32:13'),(228,21,63,'sit','Natus sunt architecto consequatur quis ab. Est fugit rerum pariatur autem voluptatem voluptatem sed. Sint incidunt velit dicta pariatur eos expedita voluptas. Suscipit porro nisi ut cum beatae fuga totam.','2019-02-18 11:32:13','2019-02-18 11:32:13'),(229,20,82,'quia','Sint deserunt excepturi deleniti doloribus sapiente. Eveniet est autem nemo quae soluta. Ut laboriosam enim aut tempora nesciunt.','2019-02-18 11:32:13','2019-02-18 11:32:13'),(230,2,40,'aperiam','Minima in aut sint impedit dolor aliquam enim. Quis itaque in dolore laboriosam dicta quidem repudiandae. Rerum ullam reiciendis incidunt fuga. Et et nostrum aut et dolorem non accusantium. Eum at sequi explicabo tenetur debitis.','2019-02-18 11:32:13','2019-02-18 11:32:13'),(231,24,52,'repudiandae','Inventore repellat et nulla commodi minus esse consectetur nulla. Ipsa quos aspernatur omnis aliquid. Quasi quod odit cupiditate totam accusamus eum vel.','2019-02-18 11:32:13','2019-02-18 11:32:13'),(232,2,58,'quis','Voluptas qui dolorem est magnam similique exercitationem est qui. Ut error perspiciatis a nostrum. Enim nesciunt iure eos placeat quia. Optio nisi consequuntur dolores minima pariatur ea quibusdam nobis. Est ea molestiae sit rerum.','2019-02-18 11:32:13','2019-02-18 11:32:13'),(233,16,58,'minima','Adipisci consequatur dicta architecto deleniti expedita cupiditate sit error. Maiores quod beatae id in error. Ducimus ipsam voluptatem voluptates quos harum magni praesentium repudiandae.','2019-02-18 11:32:13','2019-02-18 11:32:13'),(234,9,67,'dolor','Qui quibusdam eaque impedit qui vel quia sunt tempore. Ea et asperiores assumenda ipsum. Pariatur dolorum voluptate consectetur quas porro voluptate.','2019-02-18 11:32:13','2019-02-18 11:32:13'),(235,4,65,'et','Ipsam modi hic consequuntur inventore est adipisci sit. Sint facere quos rerum et. Quos ullam distinctio et mollitia minus.','2019-02-18 11:32:13','2019-02-18 11:32:13'),(236,21,81,'qui','Nam a quod omnis veritatis voluptatum est. Minus qui a et est voluptates. Sit reiciendis ad libero mollitia magni eligendi rerum sit.','2019-02-18 11:32:13','2019-02-18 11:32:13'),(237,8,1,'laboriosam','Velit sequi consequuntur id voluptatem magni ut. Eaque saepe doloremque aut ipsa est commodi consectetur. Eos maxime autem quia fuga quidem.','2019-02-18 11:32:13','2019-02-18 11:32:13'),(238,7,38,'sed','Est accusamus odit et est. Illum quae labore voluptatem sunt. Est expedita alias facere dolor. Vitae expedita dignissimos consequatur ut.','2019-02-18 11:32:13','2019-02-18 11:32:13'),(239,12,91,'eaque','Eaque et facere omnis ut voluptas ipsam incidunt rem. Laborum molestias fugit in aut incidunt. Ex voluptatum eaque ut reprehenderit nisi enim facere harum. Molestiae nesciunt quia vero est.','2019-02-18 11:32:13','2019-02-18 11:32:13'),(240,19,40,'et','Commodi qui corrupti error voluptates deserunt. Minus aut vel non doloremque numquam. Maiores qui tempore consectetur at quis. Nostrum voluptatem eligendi aut. Magnam unde laudantium est maiores nobis.','2019-02-18 11:32:13','2019-02-18 11:32:13'),(241,14,14,'odio','Suscipit optio aliquid harum. In perspiciatis repellendus est qui est fugiat aut. Optio repellendus et animi ratione. Unde laboriosam qui natus omnis quo cupiditate.','2019-02-18 11:32:13','2019-02-18 11:32:13'),(242,10,59,'quas','Ipsa eum et rem dignissimos accusantium voluptas nemo. Sit deleniti quibusdam consequatur vel sequi facilis saepe. Rerum praesentium accusamus molestiae delectus et.','2019-02-18 11:32:13','2019-02-18 11:32:13'),(243,14,40,'et','Ullam beatae commodi velit rerum autem. Officia quos deleniti mollitia suscipit sint. Qui quia ullam ad reprehenderit temporibus rerum ea. Aspernatur expedita vel repellendus dolor.','2019-02-18 11:32:13','2019-02-18 11:32:13'),(244,12,90,'accusantium','Saepe corporis molestiae porro est quis velit ut. Maiores qui id qui quia. Incidunt placeat et minus voluptatum accusamus. Consequatur magnam totam quia ut molestias dicta vel est. Et temporibus necessitatibus necessitatibus occaecati ab dolorum.','2019-02-18 11:32:13','2019-02-18 11:32:13'),(245,23,44,'ea','Explicabo magnam ipsa ut. Nemo aliquid ducimus vel excepturi. Nulla doloribus quo sunt aut. Qui aliquam maiores blanditiis.','2019-02-18 11:32:13','2019-02-18 11:32:13'),(246,16,68,'repellat','Aut qui cumque fugiat et. Voluptatem animi et voluptatem. Facere mollitia alias totam perferendis quis laudantium. Eum et eum nulla adipisci molestias est sit.','2019-02-18 11:32:13','2019-02-18 11:32:13'),(247,6,44,'impedit','Porro cumque nemo eveniet vel quam aliquam. Id quisquam quia distinctio facere. Magnam tempore repellat commodi error vel ut.','2019-02-18 11:32:13','2019-02-18 11:32:13'),(248,23,17,'tenetur','Deleniti facere numquam corporis exercitationem. Natus sed amet maxime vitae et amet quibusdam. Hic qui excepturi quia doloremque maiores tempora iure.','2019-02-18 11:32:13','2019-02-18 11:32:13'),(249,19,80,'repudiandae','Assumenda dicta sunt similique. Laboriosam aut eaque quo velit odio illum doloremque quo.','2019-02-18 11:32:13','2019-02-18 11:32:13'),(250,9,73,'velit','Molestiae ea facilis animi omnis ullam deserunt mollitia. Et dolorem voluptas exercitationem nihil perferendis accusamus similique omnis. Sed aut et alias eum illum sit necessitatibus. Aliquid aut non ut.','2019-02-18 11:32:13','2019-02-18 11:32:13'),(251,14,74,'occaecati','Et enim et ut quos et vitae. Officiis dolorem voluptatem pariatur vel esse. Ut explicabo necessitatibus deserunt soluta fugit.','2019-02-18 11:32:13','2019-02-18 11:32:13'),(252,3,62,'facere','Nihil voluptatum quos a. Nisi fugiat sit modi qui sed et.','2019-02-18 11:32:13','2019-02-18 11:32:13'),(253,22,98,'quidem','Alias nihil voluptatibus quisquam fugit voluptas non. Rerum quaerat totam sapiente voluptatem. Et odio nulla quae voluptatem sapiente modi vel.','2019-02-18 11:32:13','2019-02-18 11:32:13'),(254,18,57,'voluptas','Vel ducimus et dolore. Repudiandae dolorem aut id nihil aut hic iste nobis. Eveniet ratione sunt unde doloremque.','2019-02-18 11:32:13','2019-02-18 11:32:13'),(255,9,97,'recusandae','Quidem nam nihil maiores libero nihil. Corrupti expedita temporibus qui expedita veniam dolore sed. Provident qui sed aut molestiae molestiae. Dolores quo molestiae magni unde.','2019-02-18 11:32:13','2019-02-18 11:32:13'),(256,4,95,'veniam','Temporibus iste deserunt corrupti id ut quia est. Molestias expedita aut autem repudiandae soluta. Occaecati in esse sunt. Beatae iste iusto exercitationem aspernatur aut culpa.','2019-02-18 11:32:13','2019-02-18 11:32:13'),(257,4,83,'labore','Corrupti et sed assumenda consequatur aliquam non. Recusandae est cupiditate fuga tempora. Ad deserunt ipsum enim est.','2019-02-18 11:32:13','2019-02-18 11:32:13'),(258,2,24,'culpa','Vitae et nesciunt velit neque ab consectetur. Cupiditate dolorem nostrum quia iusto praesentium dicta.','2019-02-18 11:32:13','2019-02-18 11:32:13'),(259,4,76,'omnis','Perferendis dolorum excepturi sequi omnis. Porro cupiditate ut iusto eum. Et eos minima qui sit ad magni. Nesciunt id aut est sed qui nobis.','2019-02-18 11:32:13','2019-02-18 11:32:13'),(260,11,94,'atque','Ipsam quas eligendi eum corrupti ipsa ratione vel. Velit velit eveniet unde harum suscipit. Error sunt aut omnis est ducimus. Labore quia amet iste id.','2019-02-18 11:32:13','2019-02-18 11:32:13'),(261,17,13,'iusto','Atque qui neque nisi explicabo. Molestiae similique sint animi quaerat mollitia ipsam velit quia. Quia optio voluptate a quas.','2019-02-18 11:32:13','2019-02-18 11:32:13'),(262,14,33,'culpa','Reprehenderit sed distinctio incidunt sit doloribus. Id officia officiis debitis quidem quia perferendis. Repellendus atque vitae et illo iusto. Unde quam aut ea officiis.','2019-02-18 11:32:13','2019-02-18 11:32:13'),(263,23,54,'omnis','Laudantium ab quaerat delectus pariatur ab. Nam in consectetur atque voluptatibus qui qui.','2019-02-18 11:32:13','2019-02-18 11:32:13'),(264,22,81,'perferendis','Nemo at qui repellat sed aut corrupti consequatur. At autem voluptates assumenda corporis. Quae deserunt consequatur eos sint explicabo reiciendis.','2019-02-18 11:32:13','2019-02-18 11:32:13'),(265,21,6,'molestias','Est vitae aut hic ea et aut autem. Asperiores provident ut similique voluptatum quidem earum facilis. Sequi officia doloremque consequuntur nisi id cupiditate qui. Dolores saepe eos assumenda vel.','2019-02-18 11:32:13','2019-02-18 11:32:13'),(266,18,84,'et','Ipsam quae porro eos id eligendi itaque. Unde nostrum aliquam quidem quo. Ipsa veniam autem omnis est quia odit et. Dolorum unde ipsam eum ut.','2019-02-18 11:32:13','2019-02-18 11:32:13'),(267,13,5,'sit','Ex molestias est quisquam nam rem cumque. Totam natus aut nostrum eligendi nobis quia. Rerum debitis et exercitationem fugit.','2019-02-18 11:32:13','2019-02-18 11:32:13'),(268,14,31,'et','Voluptate eius veniam animi quos. Consectetur maxime quos distinctio non quia omnis. Quia iure aliquam magnam placeat. Velit provident voluptatem qui hic aut libero autem.','2019-02-18 11:32:13','2019-02-18 11:32:13'),(269,5,69,'deserunt','Ut repudiandae numquam harum debitis cumque. Quibusdam ad id minus quia. Repellendus soluta asperiores officiis id sint. Quia debitis culpa eos asperiores eligendi tempora.','2019-02-18 11:32:13','2019-02-18 11:32:13'),(270,2,60,'quas','Temporibus doloribus rerum dolorem illum repellat et. Et et magnam nesciunt tempora adipisci aliquam maxime. Nulla sunt sit sunt velit.','2019-02-18 11:32:13','2019-02-18 11:32:13'),(271,11,96,'sit','Ipsa non est consequatur qui. Nihil nostrum eligendi ad sint nihil temporibus. Ut quia veniam vero molestiae praesentium aliquid ratione. Voluptate officiis architecto modi officiis voluptas sed veniam.','2019-02-18 11:32:13','2019-02-18 11:32:13'),(272,10,100,'nihil','Aliquid laudantium sit eos asperiores sint. Ut dolorem et in accusamus vel repellendus. Enim dignissimos sint libero dolorum.','2019-02-18 11:32:13','2019-02-18 11:32:13'),(273,15,97,'sit','Unde ut sed nihil animi provident. Non molestiae debitis omnis.','2019-02-18 11:32:13','2019-02-18 11:32:13'),(274,12,60,'inventore','Eius rerum illo consequatur autem tenetur voluptatem. Recusandae minus aut earum corrupti sapiente. Et qui adipisci quis molestias sapiente.','2019-02-18 11:32:13','2019-02-18 11:32:13'),(275,14,38,'veritatis','Quia et iure quos neque natus voluptas temporibus. Laborum sed optio corporis nihil totam facere. Et blanditiis quam incidunt. Et possimus optio vel incidunt.','2019-02-18 11:32:13','2019-02-18 11:32:13'),(276,16,33,'itaque','Incidunt esse asperiores quis dolor fugiat et fuga ut. Veritatis ipsam incidunt cupiditate et provident fuga. Vitae et id molestiae rerum. Aperiam sit magnam illum eos porro vitae nobis velit.','2019-02-18 11:32:13','2019-02-18 11:32:13'),(277,7,24,'et','Nisi est impedit repellat reprehenderit ut labore sed. Eius sequi et cumque et aut. Sapiente ut ea sed minus voluptatem.','2019-02-18 11:32:13','2019-02-18 11:32:13'),(278,15,8,'veritatis','Ea nam totam et quod sequi voluptatibus alias voluptatem. Sit voluptas libero explicabo sapiente. Quia distinctio aspernatur voluptate ullam nulla perferendis. Consectetur culpa aut non quia molestiae voluptatem. Dolores corrupti est reprehenderit laudantium tenetur dicta fugiat.','2019-02-18 11:32:13','2019-02-18 11:32:13'),(279,10,87,'nemo','Eos ut asperiores voluptate voluptas omnis aut quia. Fuga cumque maiores omnis. Dolor eligendi non et voluptatem totam expedita. Autem fugit beatae facere eaque.','2019-02-18 11:32:13','2019-02-18 11:32:13'),(280,20,2,'et','Quasi facere minus corrupti eos numquam dolorem. Voluptatibus praesentium dolor eaque eos cum quae praesentium possimus. Reiciendis maiores dignissimos voluptatem natus vero nesciunt ipsa odit.','2019-02-18 11:32:13','2019-02-18 11:32:13'),(281,12,23,'id','Rerum ipsa est illo nesciunt rerum qui perferendis. Repudiandae excepturi quod velit pariatur id ex laboriosam quo. Magnam ullam sunt quas error. Qui non consequuntur maiores in. Velit porro commodi libero eveniet aut ipsum.','2019-02-18 11:32:13','2019-02-18 11:32:13'),(282,22,46,'commodi','Non et omnis quo. Qui consequatur rerum dolore sed consequatur dolorum mollitia. Modi veritatis ut distinctio numquam.','2019-02-18 11:32:13','2019-02-18 11:32:13'),(283,5,65,'qui','Nemo ut nostrum omnis earum amet natus. Ut necessitatibus ut a cumque. Cumque magnam ea et exercitationem itaque reprehenderit natus. Qui ratione ea sed tempore et vero molestias.','2019-02-18 11:32:13','2019-02-18 11:32:13'),(284,12,9,'adipisci','Modi maxime aut mollitia ipsa enim et in quia. Facere rerum facere suscipit laudantium ducimus. Est animi iusto officiis quaerat odit repudiandae. Eaque saepe suscipit aut enim. Autem quos quia est quam eveniet.','2019-02-18 11:32:13','2019-02-18 11:32:13'),(285,14,67,'laudantium','Quia cupiditate consectetur adipisci doloremque vitae. Dolores earum sit fugiat rerum quibusdam sed nesciunt hic. Sit velit fugiat est consectetur. Ullam quo voluptatum accusamus aliquid odio mollitia distinctio.','2019-02-18 11:32:13','2019-02-18 11:32:13'),(286,25,40,'sint','Necessitatibus rem libero voluptatem minima. Molestias voluptates et aut cum itaque sit dolorum.','2019-02-18 11:32:13','2019-02-18 11:32:13'),(287,11,46,'modi','Aspernatur accusamus voluptate veritatis dolores corrupti quasi illo. Id autem consequuntur exercitationem est rem. Architecto cum eos et dolor corrupti. Quibusdam corporis consequatur dolorem dolores odio.','2019-02-18 11:32:13','2019-02-18 11:32:13'),(288,10,6,'eius','Vel minima vel est alias tenetur. Provident quo quia quis omnis voluptates iure magni.','2019-02-18 11:32:13','2019-02-18 11:32:13'),(289,5,86,'accusamus','Animi velit sit pariatur odit in debitis. Quo eum animi nostrum eum architecto. Molestiae non ut eveniet cum. Perferendis fugit atque laboriosam ea odit illum corporis eius.','2019-02-18 11:32:13','2019-02-18 11:32:13'),(290,24,45,'mollitia','Minima numquam consectetur quisquam. Autem minima error error. Modi consectetur aut nesciunt sint possimus dolor.','2019-02-18 11:32:13','2019-02-18 11:32:13'),(291,6,54,'animi','Consectetur dolores sit temporibus beatae. Ab reiciendis debitis quos blanditiis. Eligendi autem non est quo et placeat maxime.','2019-02-18 11:32:13','2019-02-18 11:32:13'),(292,12,33,'expedita','Sunt quia quae velit ad totam qui sapiente. Sint laudantium modi perferendis neque ab iste. Aliquam possimus beatae omnis dolore. Ratione perspiciatis sed commodi animi quos.','2019-02-18 11:32:13','2019-02-18 11:32:13'),(293,7,81,'explicabo','Dicta et minus corrupti eaque tenetur ad. Qui quaerat necessitatibus fugit voluptatibus voluptatibus.','2019-02-18 11:32:13','2019-02-18 11:32:13'),(294,4,69,'dolor','Magnam voluptatem aliquid minus quasi. Voluptates sunt culpa consequuntur nam nostrum optio tempore eum. Officiis sint voluptatem reprehenderit maiores quia perspiciatis.','2019-02-18 11:32:13','2019-02-18 11:32:13'),(295,3,30,'et','Quisquam corrupti tenetur provident. Placeat expedita cumque molestias architecto deserunt porro rerum. Nihil aut sunt omnis asperiores.','2019-02-18 11:32:13','2019-02-18 11:32:13'),(296,24,4,'doloribus','Consectetur optio reprehenderit quia. Vel quas aspernatur repellendus unde sapiente doloremque fugit. Labore cum aut quia amet dicta autem. Labore est numquam itaque quo.','2019-02-18 11:32:13','2019-02-18 11:32:13'),(297,2,87,'non','Et sed id asperiores similique sit unde quis. Sint omnis est quaerat eos. Qui aut sit in. Ea enim ut et velit eaque ducimus.','2019-02-18 11:32:13','2019-02-18 11:32:13'),(298,12,53,'sunt','Doloribus ut ipsam nobis facilis nesciunt. Qui omnis minus saepe est quia soluta quisquam. Nesciunt amet illo corporis ad voluptas.','2019-02-18 11:32:13','2019-02-18 11:32:13'),(299,19,72,'voluptatem','Et exercitationem similique doloremque sint voluptates in rerum. In porro est aut ipsa. Dolore odit laudantium perferendis sit distinctio totam. Dolorem qui similique repellendus error facilis et omnis.','2019-02-18 11:32:13','2019-02-18 11:32:13'),(300,8,60,'dolores','Est iste eos quis mollitia. Et provident veniam cum nobis fugit quia. Nihil ex deleniti quibusdam qui molestiae voluptas ut. Sint qui corrupti voluptatem vero et.','2019-02-18 11:32:13','2019-02-18 11:32:13'),(301,18,30,'est','Ut sint corporis non qui esse maiores. Explicabo numquam rerum facere sed. Vero beatae sapiente aut facere temporibus ea.','2019-02-18 11:32:13','2019-02-18 11:32:13'),(302,6,6,'ducimus','In adipisci ut rerum. Odio vel voluptas consequuntur exercitationem. Nisi velit quaerat beatae sed. Perferendis laboriosam consequatur dolorem facere.','2019-02-18 11:32:13','2019-02-18 11:32:13'),(303,16,48,'soluta','Consequatur dolorem tempore ipsam nostrum. Ea nisi reiciendis sint. Doloremque qui velit ut quis architecto molestiae ipsa. Pariatur sed eius quia omnis iure.','2019-02-18 11:32:13','2019-02-18 11:32:13'),(304,7,8,'quas','Alias eos inventore vero esse. Unde distinctio praesentium numquam veniam.','2019-02-18 11:32:13','2019-02-18 11:32:13'),(305,19,3,'odit','Facilis consequuntur et labore. Autem soluta sint blanditiis magni quis ducimus ut. Quidem quibusdam dolorum nihil tenetur porro quasi.','2019-02-18 11:32:13','2019-02-18 11:32:13'),(306,18,33,'incidunt','Inventore fugiat vero eos voluptas. Qui ut earum distinctio eaque quidem. Incidunt soluta dolorem nobis nemo perspiciatis placeat quia. Quos magnam dolore sed debitis qui magnam.','2019-02-18 11:32:13','2019-02-18 11:32:13'),(307,9,51,'debitis','Non ut rerum quas molestiae eum officiis recusandae omnis. Aut quod excepturi labore repellendus. Dolor est illum nesciunt qui esse amet nesciunt.','2019-02-18 11:32:13','2019-02-18 11:32:13'),(308,20,18,'deserunt','Voluptas eveniet dolores qui laborum quisquam quae officiis. Minima quo occaecati molestias dolor. Nihil eos eum sequi corporis ab sapiente non saepe. Sed odit placeat corrupti nihil. Ipsa eveniet incidunt esse eligendi eum blanditiis quos reiciendis.','2019-02-18 11:32:13','2019-02-18 11:32:13'),(309,4,27,'ea','Et repellat rerum temporibus qui sed quis. Asperiores quas doloremque quod quo sit enim eum cum. Velit exercitationem sequi reprehenderit voluptatem. Vel non reiciendis qui necessitatibus.','2019-02-18 11:32:13','2019-02-18 11:32:13'),(310,16,15,'mollitia','Sunt ullam ullam sit quia. Accusamus sed molestiae in quaerat a.','2019-02-18 11:32:13','2019-02-18 11:32:13'),(311,4,71,'cupiditate','Sunt sequi tempore veniam laudantium sit doloremque iste. Omnis pariatur qui non nulla sequi aliquid dolor. Saepe eos voluptatem beatae consequatur.','2019-02-18 11:32:13','2019-02-18 11:32:13'),(312,19,3,'alias','Magni blanditiis corporis vel commodi. Et voluptatem id molestiae rerum quia quam. Deserunt rem adipisci et accusamus.','2019-02-18 11:32:13','2019-02-18 11:32:13'),(313,21,65,'ut','Libero unde dolore soluta aut itaque exercitationem itaque. Reiciendis repellendus illo et sit amet fugit perspiciatis quaerat. Atque veritatis quisquam saepe aut.','2019-02-18 11:32:13','2019-02-18 11:32:13'),(314,3,67,'adipisci','Non voluptas et optio laudantium. Qui porro rerum in blanditiis sunt. Repudiandae assumenda non tempore natus.','2019-02-18 11:32:13','2019-02-18 11:32:13'),(315,8,38,'quisquam','Eveniet vel facere est. Voluptatem rem iure error. Modi commodi a blanditiis.','2019-02-18 11:32:13','2019-02-18 11:32:13'),(316,14,52,'eligendi','Repellendus voluptatem eos voluptatem. Alias voluptas laborum quaerat iusto ea quisquam eum. Quia magni et quia et. Explicabo suscipit velit ut ab vel numquam nobis.','2019-02-18 11:32:13','2019-02-18 11:32:13'),(317,10,26,'deleniti','Ut sit porro consequatur rerum ad sit rem est. Possimus voluptas possimus nihil.','2019-02-18 11:32:13','2019-02-18 11:32:13'),(318,6,9,'natus','Ut et ipsam omnis odit. Sint provident iure neque error. Qui aut quis qui quod nulla.','2019-02-18 11:32:13','2019-02-18 11:32:13'),(319,10,35,'et','Quia eos perferendis error explicabo ea voluptatum ut placeat. Sequi doloribus consequuntur dolor quidem occaecati unde. Quia est aperiam mollitia vel ipsa. Eos praesentium commodi vitae totam voluptas sint.','2019-02-18 11:32:13','2019-02-18 11:32:13'),(320,10,4,'molestias','Commodi sit qui non quae et fugiat esse. Sed non aut reiciendis corrupti quos neque vitae. Vitae nostrum quo saepe optio voluptas delectus voluptatem.','2019-02-18 11:32:13','2019-02-18 11:32:13'),(321,23,91,'animi','Qui consequatur et ea aperiam repudiandae voluptatem. Ex autem minus vero error eos odit rerum. Incidunt rerum magni quae est excepturi repellendus. Provident possimus accusantium et quis.','2019-02-18 11:32:13','2019-02-18 11:32:13'),(322,14,61,'dolor','Ducimus id consectetur in et enim officia. Quaerat numquam ratione non. Sapiente accusantium quia amet excepturi accusamus modi. Eum velit iure blanditiis quidem itaque accusamus veniam.','2019-02-18 11:32:13','2019-02-18 11:32:13'),(323,13,37,'voluptas','Quo eos omnis tempora consectetur adipisci omnis. Minus omnis provident illo exercitationem alias temporibus. Eveniet perferendis qui ab assumenda voluptatem. Fugit hic sint magni ea non.','2019-02-18 11:32:13','2019-02-18 11:32:13'),(324,23,88,'et','Commodi nisi asperiores nihil deserunt assumenda. Commodi facere sed voluptatibus provident perferendis recusandae. Est neque blanditiis quam iure omnis cum.','2019-02-18 11:32:13','2019-02-18 11:32:13'),(325,19,48,'aperiam','Provident occaecati expedita fugit ut. Non officia voluptatem excepturi. Praesentium repellat enim adipisci et quisquam. Consequatur est maxime voluptas corrupti distinctio hic nulla.','2019-02-18 11:32:13','2019-02-18 11:32:13'),(326,19,68,'totam','Minus quibusdam cum et ducimus culpa exercitationem eum. Tempora porro deleniti eaque dolore reprehenderit quis. Deserunt laborum numquam perferendis quo sint ipsam minus. Nisi voluptatibus provident dolorem iure omnis.','2019-02-18 11:32:13','2019-02-18 11:32:13'),(327,3,51,'in','Reprehenderit eveniet dolor in accusamus id voluptate quas. Non ipsum itaque qui perspiciatis qui hic. Nihil culpa rerum voluptatem autem quia debitis. Possimus et nemo ratione dolorem odit laudantium nemo aut.','2019-02-18 11:32:13','2019-02-18 11:32:13'),(328,22,55,'iure','Esse voluptate deserunt dignissimos beatae id quos provident. Labore non nihil optio. Fuga unde nihil aspernatur enim.','2019-02-18 11:32:13','2019-02-18 11:32:13'),(329,15,56,'voluptas','Rem qui voluptatum qui et quasi. Quasi fugiat facere ducimus laudantium ducimus in ducimus. Ipsum itaque inventore esse corrupti error molestiae necessitatibus aliquam.','2019-02-18 11:32:13','2019-02-18 11:32:13'),(330,12,10,'illo','Sed qui harum qui id voluptate est. Aut error quod sequi rerum similique numquam. Voluptatem velit odio omnis eveniet. Sit expedita voluptate eos possimus doloremque consequatur error.','2019-02-18 11:32:13','2019-02-18 11:32:13'),(331,11,84,'ratione','Iure aut rerum assumenda dolorum repellat beatae. Adipisci impedit laboriosam quia commodi. Nihil at facilis recusandae et nemo quidem dolorem. Voluptatem quas ex quae.','2019-02-18 11:32:13','2019-02-18 11:32:13'),(332,19,97,'libero','Voluptatibus non aut est eum id consectetur. Ad error nihil itaque totam aliquid omnis. Labore quam est aut voluptate repellat sit atque. Et quaerat dolorum voluptatem. Natus labore non cumque aut.','2019-02-18 11:32:13','2019-02-18 11:32:13'),(333,4,92,'incidunt','Animi doloribus laboriosam consequatur. Non distinctio beatae consequatur velit voluptas eum aut. Doloremque iure eum quisquam ut fugit.','2019-02-18 11:32:13','2019-02-18 11:32:13'),(334,1,73,'et','Commodi aliquam alias eligendi ea nemo voluptatem. Eaque blanditiis quasi quidem qui voluptas et. Iusto rerum dolorum deserunt. Aut libero iste quo officia rerum accusamus odio repellendus.','2019-02-18 11:32:13','2019-02-18 11:32:13'),(335,14,81,'voluptatem','Maiores autem aut maxime id et aut. Ab optio voluptas culpa optio exercitationem id. Sunt eum ex laboriosam omnis.','2019-02-18 11:32:13','2019-02-18 11:32:13'),(336,25,36,'occaecati','Debitis et quaerat hic reiciendis. Natus eaque officia officiis et sequi. Sed laboriosam inventore rem quae non. Qui et magnam rerum facere maxime id.','2019-02-18 11:32:13','2019-02-18 11:32:13'),(337,22,61,'eos','Nulla accusamus tempore at beatae molestias ratione asperiores aut. Dicta distinctio laboriosam perferendis enim. Temporibus labore ab ex omnis nobis voluptatum nobis.','2019-02-18 11:32:13','2019-02-18 11:32:13'),(338,3,74,'et','Earum ex cupiditate at tempore earum impedit. Corporis omnis numquam sit officiis voluptates aut rerum. Quae at porro sit quia in.','2019-02-18 11:32:13','2019-02-18 11:32:13'),(339,11,88,'vel','Assumenda accusamus necessitatibus est ut ut ut sed. Consequatur sint ut vitae quod veritatis ea. Aut qui mollitia deleniti voluptatem. Quia et rem aut consequatur fugit.','2019-02-18 11:32:13','2019-02-18 11:32:13'),(340,19,16,'perferendis','Rerum quia ab quam porro dolorem at. Quos provident distinctio ut voluptas corrupti. Vel fugit et optio vitae. Vel et est et consequatur optio aspernatur fuga.','2019-02-18 11:32:13','2019-02-18 11:32:13'),(341,9,35,'repudiandae','Quam sint maiores et provident. Numquam incidunt sit voluptatibus ipsum. Nam et ducimus optio sunt aspernatur. Aspernatur sint fugit ducimus repellat sequi. Sapiente saepe tempora architecto et voluptas.','2019-02-18 11:32:13','2019-02-18 11:32:13'),(342,3,20,'quis','Et et ipsa ex vero id. Et distinctio suscipit cumque qui aliquid est. Dicta rerum dolorum quae blanditiis dolores omnis corrupti. Minus iure perferendis accusamus atque. Id porro nulla optio dignissimos at.','2019-02-18 11:32:13','2019-02-18 11:32:13'),(343,13,15,'aut','Consectetur est quo aut sint. Earum qui tempore dolore porro cum quas qui. Tempore dolorem a quia nisi. Tempora tenetur occaecati aperiam atque veniam quidem velit. Sit eos fuga quas deserunt dolorem quia impedit.','2019-02-18 11:32:13','2019-02-18 11:32:13'),(344,10,52,'rerum','Placeat quas fugit sit vero nulla commodi doloremque voluptates. Assumenda voluptatem ad enim labore dolorem consequatur magnam dicta. Vel at qui ut modi quaerat. Tenetur et perspiciatis nesciunt ut quia sunt.','2019-02-18 11:32:13','2019-02-18 11:32:13'),(345,16,15,'magnam','Ipsum accusamus nisi qui ipsa qui tempore. Iste harum quo blanditiis voluptas sunt ex ut. Aliquid eum illum maxime commodi quas. Neque id nam accusamus eius. Cum eum veritatis adipisci at ducimus deserunt at.','2019-02-18 11:32:13','2019-02-18 11:32:13'),(346,7,28,'cumque','Est reprehenderit sit vero sunt tenetur et molestias. Sunt iusto inventore quis similique. Ea nulla eligendi ut est.','2019-02-18 11:32:13','2019-02-18 11:32:13'),(347,11,72,'velit','In et libero omnis quaerat molestiae tenetur qui. Provident quaerat maxime quisquam nesciunt in velit. Nemo porro quia recusandae quo. Et et nisi pariatur eveniet.','2019-02-18 11:32:13','2019-02-18 11:32:13'),(348,8,46,'blanditiis','Voluptatem quia vero et molestias fuga. Eius rerum voluptas blanditiis aliquam veritatis. Et facilis corporis nesciunt possimus. Ut accusantium vero laborum velit est. Vel beatae autem quis iste.','2019-02-18 11:32:13','2019-02-18 11:32:13'),(349,4,24,'in','Ut iste laboriosam minima id dolorem iure hic sunt. Fuga incidunt omnis maiores autem. Fugiat nam eligendi voluptatem repellendus atque et. Accusamus minus voluptatem eum quis culpa minus.','2019-02-18 11:32:13','2019-02-18 11:32:13'),(350,10,77,'dolor','Ea ad voluptas nostrum voluptate. Iste velit molestiae doloribus. Temporibus aut assumenda sed porro porro laborum ipsum. Commodi ut qui voluptatem molestias. Quam natus molestiae omnis fugit.','2019-02-18 11:32:13','2019-02-18 11:32:13'),(351,7,65,'est','Deserunt ipsam sunt iure perferendis. Excepturi libero placeat fugiat est.','2019-02-18 11:32:13','2019-02-18 11:32:13'),(352,11,88,'sed','Dolorum ab et incidunt similique a deleniti illum veritatis. Recusandae aut reprehenderit repellat veritatis beatae alias. Consequatur fugiat et voluptate laudantium occaecati tempora.','2019-02-18 11:32:13','2019-02-18 11:32:13'),(353,22,41,'nobis','Expedita hic et et quia et possimus. Quod laboriosam qui eum hic ducimus vero. Quasi eos consectetur velit.','2019-02-18 11:32:13','2019-02-18 11:32:13'),(354,16,83,'voluptatem','Qui rerum nisi ea aliquam nihil. Qui earum ut repellendus nesciunt minus. Omnis velit amet consequatur placeat accusamus ratione animi. Quibusdam aperiam rerum doloribus fugit voluptas.','2019-02-18 11:32:13','2019-02-18 11:32:13'),(355,16,70,'corrupti','Deserunt accusantium blanditiis et ipsum iste. Et consectetur ad fugiat qui impedit. Sit laborum minima accusamus aut qui culpa. Quae in ex voluptatibus aspernatur quo tempora.','2019-02-18 11:32:13','2019-02-18 11:32:13'),(356,1,78,'labore','Sit perferendis dolor in. Tempore et repudiandae sapiente placeat consequuntur occaecati cumque dolores. Sed ducimus nesciunt ut. Est eligendi et totam ducimus voluptatem similique.','2019-02-18 11:32:13','2019-02-18 11:32:13'),(357,5,94,'totam','Excepturi voluptatem beatae nobis enim neque. Quia aut accusantium ea asperiores dolorem ea. Est autem beatae perferendis. Vitae sit excepturi illum harum velit suscipit tempora. Quibusdam labore in ratione ut laboriosam.','2019-02-18 11:32:13','2019-02-18 11:32:13'),(358,14,28,'iure','In nisi iste quo incidunt adipisci consequatur ut. Doloribus commodi nostrum sunt. Deserunt quisquam exercitationem assumenda quisquam sed molestiae.','2019-02-18 11:32:13','2019-02-18 11:32:13'),(359,1,47,'et','Voluptate animi sit autem rerum nesciunt dolorem aspernatur blanditiis. Suscipit ducimus sit atque. Nobis animi sequi inventore provident quibusdam provident corrupti doloremque. Laborum dolores quasi laboriosam.','2019-02-18 11:32:14','2019-02-18 11:32:14'),(360,3,93,'minus','Ut commodi ab aut dolores et. Necessitatibus sunt et ut doloribus perferendis voluptatum. Non nobis alias nihil reiciendis nostrum dolorum consequatur hic. Ducimus aspernatur dicta voluptatum repudiandae eligendi.','2019-02-18 11:32:14','2019-02-18 11:32:14'),(361,22,27,'cum','Adipisci magni sed magni. Non molestias nemo assumenda qui in et delectus velit. Fugiat quia sequi sapiente. Sint et sint expedita ex eum molestias. Dicta quia odit ut.','2019-02-18 11:32:14','2019-02-18 11:32:14'),(362,24,68,'autem','Quo est accusantium sed voluptatem et animi rem. Quia praesentium blanditiis tenetur ad ipsum qui commodi. Eveniet magnam vitae dignissimos nemo.','2019-02-18 11:32:14','2019-02-18 11:32:14'),(363,14,21,'dignissimos','Sunt et dolor cumque culpa quos fugiat. Quia ratione hic dolor aperiam. Veniam iste quibusdam tempore aspernatur dicta sunt veritatis iste.','2019-02-18 11:32:14','2019-02-18 11:32:14'),(364,5,46,'vel','Et temporibus delectus rerum saepe. Ratione aut nostrum culpa. Et delectus consequatur sit inventore soluta nobis voluptates.','2019-02-18 11:32:14','2019-02-18 11:32:14'),(365,2,19,'dicta','Rem architecto eum qui voluptatibus maxime. Consequatur excepturi quisquam numquam aut et officiis hic. Aspernatur libero qui tenetur ipsum porro repellendus provident.','2019-02-18 11:32:14','2019-02-18 11:32:14'),(366,20,44,'cupiditate','Id sint in assumenda vel ex non. Fugit quaerat doloremque est. Omnis molestias quod dicta ex et enim.','2019-02-18 11:32:14','2019-02-18 11:32:14'),(367,3,97,'qui','Sapiente repellat cupiditate et vel. Harum ut est culpa assumenda ipsum qui perferendis. Reprehenderit nam totam quas ut quia. Laborum nemo ut ea.','2019-02-18 11:32:14','2019-02-18 11:32:14'),(368,6,97,'quo','Aut velit expedita consequatur aut est. Et facilis rerum quidem veritatis. Eaque consequatur praesentium qui error reprehenderit. Officia nulla mollitia corporis omnis.','2019-02-18 11:32:14','2019-02-18 11:32:14'),(369,14,51,'provident','Earum quia eveniet rerum quae fugiat magnam. Delectus ad reiciendis cupiditate reprehenderit numquam labore sed. Tenetur nesciunt laboriosam dignissimos saepe.','2019-02-18 11:32:14','2019-02-18 11:32:14'),(370,16,10,'amet','Aspernatur animi dolore ipsum aut et aut a. Aut sint fugit et repellat dolorem veniam. Optio quia magni ad occaecati.','2019-02-18 11:32:14','2019-02-18 11:32:14'),(371,13,4,'aut','Voluptas atque nemo nesciunt provident ut. Et dignissimos maxime rerum consectetur veritatis modi quia voluptatem. Ipsum et eligendi commodi ab doloremque numquam quos vitae. Omnis quas est culpa sint aut maxime consequatur beatae.','2019-02-18 11:32:14','2019-02-18 11:32:14'),(372,21,87,'placeat','Et quasi voluptates earum sequi occaecati beatae provident quia. Tenetur natus ratione pariatur omnis veritatis illum recusandae. Placeat saepe incidunt veniam. Ut fugiat nam accusantium sapiente possimus dolores. Sit occaecati ut aperiam quis doloremque ipsam quia.','2019-02-18 11:32:14','2019-02-18 11:32:14'),(373,2,4,'magnam','Quo aliquam deserunt ullam aut quia vitae. Voluptates omnis repellat voluptas alias delectus ea. Quod cupiditate deleniti laudantium molestiae consectetur dicta.','2019-02-18 11:32:14','2019-02-18 11:32:14'),(374,5,43,'ut','Sunt optio totam ut sequi explicabo veniam et. Necessitatibus enim sed at id quibusdam ut. Quaerat ad rem sit laudantium. Et tempore ut quia atque optio dolor rerum. Commodi expedita a omnis.','2019-02-18 11:32:14','2019-02-18 11:32:14'),(375,7,86,'commodi','Pariatur voluptatibus dolores corrupti ipsum provident dolor. Impedit velit temporibus sunt quidem. Nobis deleniti doloremque nobis repellat ipsum.','2019-02-18 11:32:14','2019-02-18 11:32:14'),(376,10,74,'nihil','Quidem iure nam enim iste. Est voluptates sed veniam sapiente. Distinctio ratione nobis autem qui qui rerum esse.','2019-02-18 11:32:14','2019-02-18 11:32:14'),(377,4,25,'quisquam','In culpa provident est et ad facere. Doloremque alias velit doloribus consectetur facilis facere reprehenderit. Possimus et facilis consectetur error.','2019-02-18 11:32:14','2019-02-18 11:32:14'),(378,9,36,'ab','Amet vel amet beatae. Assumenda enim deserunt sit quia aut. Voluptate amet minus enim commodi. Iusto et nulla sit reprehenderit incidunt.','2019-02-18 11:32:14','2019-02-18 11:32:14'),(379,2,28,'voluptatem','Ut rem et ipsa est laborum. Quia ipsa ab fugit ad omnis laudantium quaerat. Ad voluptatem harum quis est tempora et quis. Molestiae delectus mollitia inventore aut voluptates.','2019-02-18 11:32:14','2019-02-18 11:32:14'),(380,5,8,'nulla','Necessitatibus perferendis optio eos. Maiores qui illum nulla esse ut. Magnam culpa iusto expedita alias non.','2019-02-18 11:32:14','2019-02-18 11:32:14'),(381,5,83,'omnis','Molestias esse totam saepe quo impedit dolor. Excepturi vero nesciunt laborum vero ducimus. Ea ad nostrum aut deserunt. Itaque molestias animi tenetur et. Iste a cum nihil at ut eum suscipit fugiat.','2019-02-18 11:32:14','2019-02-18 11:32:14'),(382,7,89,'quo','Est autem blanditiis est aut maiores et. Aspernatur facilis facere voluptatem rerum dolore qui. Necessitatibus rerum aliquam sed numquam exercitationem nam dolor.','2019-02-18 11:32:14','2019-02-18 11:32:14'),(383,17,26,'veniam','Est ad est repellat vero. Neque et ut tenetur consequatur possimus cum. Culpa et commodi corrupti expedita nostrum ullam.','2019-02-18 11:32:14','2019-02-18 11:32:14'),(384,11,60,'ut','Quis in veniam a quidem. Quia et magni placeat qui. Expedita qui blanditiis temporibus occaecati.','2019-02-18 11:32:14','2019-02-18 11:32:14'),(385,3,14,'asperiores','Exercitationem aut eum magnam accusantium. Repudiandae et soluta deserunt impedit officiis aut. Excepturi quos vitae animi modi fugit sit aut.','2019-02-18 11:32:14','2019-02-18 11:32:14'),(386,17,70,'et','Voluptatem qui quis a est. Est ratione quo aut. Rerum aut et quasi voluptate perferendis eos saepe id.','2019-02-18 11:32:14','2019-02-18 11:32:14'),(387,22,12,'rerum','Sit fugiat eveniet temporibus error excepturi. Perferendis harum neque nulla soluta. Similique officia vel placeat. Doloribus delectus tempore qui consequatur neque. Veritatis non ipsa neque repudiandae molestiae ut.','2019-02-18 11:32:14','2019-02-18 11:32:14'),(388,4,78,'occaecati','Commodi temporibus qui illo dolorem perferendis autem id enim. Qui delectus eos iusto ipsam neque molestiae aut. Qui blanditiis beatae iure fugit quis doloribus.','2019-02-18 11:32:14','2019-02-18 11:32:14'),(389,14,8,'amet','Harum distinctio molestiae dignissimos accusamus laborum in eveniet quod. Ut soluta quam iure id nostrum soluta. Mollitia omnis totam repellat molestiae.','2019-02-18 11:32:14','2019-02-18 11:32:14'),(390,16,20,'odio','Repellat doloribus nam minima natus debitis magnam itaque. Minus ut reprehenderit vel occaecati. Saepe in ut dolor voluptatibus quia et. Et amet natus fugiat ab. Aut architecto sit eveniet eius iusto.','2019-02-18 11:32:14','2019-02-18 11:32:14'),(391,21,73,'sed','Dolorum sunt quos voluptatem id error ducimus ut. Et molestiae quod voluptatibus ea laboriosam. Et modi quasi id officia deleniti. Sit exercitationem aspernatur accusamus.','2019-02-18 11:32:14','2019-02-18 11:32:14'),(392,12,47,'atque','Possimus in et laborum harum molestiae. Minus quia omnis id sint vitae. Omnis saepe reprehenderit voluptatibus accusantium. Et quibusdam in consequuntur nemo omnis iusto consequatur. Officia architecto esse illo dolor voluptatem qui.','2019-02-18 11:32:14','2019-02-18 11:32:14'),(393,20,44,'dolor','In est doloremque et beatae cupiditate fugit. Et eius qui officia fugit. Officia modi culpa totam labore possimus et laborum fugit.','2019-02-18 11:32:14','2019-02-18 11:32:14'),(394,18,63,'optio','Omnis consequatur fugiat error quam suscipit consequatur quis. Dignissimos consequatur praesentium omnis neque quo iste cupiditate. Distinctio expedita enim at et.','2019-02-18 11:32:14','2019-02-18 11:32:14'),(395,22,99,'omnis','Nisi repellendus exercitationem soluta quos eius ut. Earum hic nobis id soluta nemo non autem. Cumque ipsum optio excepturi nihil qui.','2019-02-18 11:32:14','2019-02-18 11:32:14'),(396,21,11,'qui','Minus animi et rem vel dolorum deserunt iste. Id recusandae consequatur quaerat et. Ut nemo officia et neque.','2019-02-18 11:32:14','2019-02-18 11:32:14'),(397,5,82,'dolore','Ratione sit dolorem eum consequatur cum sunt. Dignissimos rerum dolorem id culpa eveniet quaerat. Ut illum commodi dolor voluptatibus qui aut sapiente. Expedita nobis sapiente nostrum optio tenetur recusandae architecto.','2019-02-18 11:32:14','2019-02-18 11:32:14'),(398,13,80,'labore','Sapiente in ex quia earum rerum ratione fuga. Pariatur ab et est ipsum.','2019-02-18 11:32:14','2019-02-18 11:32:14'),(399,23,43,'quia','Corrupti voluptas et et laboriosam. Aliquam voluptatum natus asperiores fugit nesciunt qui molestias. Quo officia ut voluptatem deserunt eligendi aut. Reiciendis minus blanditiis ipsa itaque qui.','2019-02-18 11:32:14','2019-02-18 11:32:14'),(400,22,74,'et','Mollitia dolorem vel quod. Quidem enim velit modi. Maxime quo iusto aut perspiciatis eum sunt. Aut sed ab necessitatibus pariatur.','2019-02-18 11:32:14','2019-02-18 11:32:14'),(401,4,21,'error','Ut aliquam aspernatur hic voluptatem. At culpa id ea eaque dolores. Consequatur et est delectus minima. Ratione quidem autem impedit quia facere. Deserunt et impedit quisquam consequatur non quia eum aut.','2019-02-18 11:32:14','2019-02-18 11:32:14'),(402,5,25,'saepe','Et eos ut vel corporis quidem. Eaque sed nam officia quasi. A distinctio ut quam. Quam veritatis et consequatur nihil. Occaecati praesentium distinctio sint nesciunt.','2019-02-18 11:32:14','2019-02-18 11:32:14'),(403,9,44,'et','Nihil quia maxime est non excepturi ab. Veritatis incidunt molestiae alias sapiente molestias adipisci incidunt. Ab dolorem corrupti autem non aut et.','2019-02-18 11:32:14','2019-02-18 11:32:14'),(404,20,21,'ullam','Dolores illum ullam natus et eos quisquam nihil. Rerum odit minima vel maiores. Ipsa inventore harum enim magnam officiis magnam ut fugit. Dolor repudiandae sint et enim.','2019-02-18 11:32:14','2019-02-18 11:32:14'),(405,16,55,'est','Dolor exercitationem aut veniam ut sit eligendi optio. Itaque temporibus deserunt eum in perspiciatis itaque deserunt. Voluptas eligendi nisi et porro aut sit doloribus. Atque ullam magnam ut reiciendis.','2019-02-18 11:32:14','2019-02-18 11:32:14'),(406,15,91,'laborum','Porro facilis eligendi assumenda temporibus. Quia qui reprehenderit adipisci labore saepe labore dolores. Occaecati quibusdam a impedit voluptas quam sint. Sit et ut corrupti repellat eligendi perspiciatis. Et consequatur libero ut dolores qui voluptates.','2019-02-18 11:32:14','2019-02-18 11:32:14'),(407,10,66,'quia','Nam magnam enim adipisci voluptatem et provident. Perspiciatis ipsa neque beatae sint minus assumenda. Non ullam amet rerum placeat. Qui dicta accusamus accusantium sapiente reprehenderit voluptatem autem accusantium.','2019-02-18 11:32:14','2019-02-18 11:32:14'),(408,14,24,'earum','Tempora ut hic ad cumque. Doloremque veritatis nostrum non enim magni. Nam voluptas est id aliquam nihil error.','2019-02-18 11:32:14','2019-02-18 11:32:14'),(409,18,11,'ut','Velit ea eligendi quos commodi quibusdam molestias soluta. Quas facere qui hic vel laudantium. Velit quod facere assumenda voluptatem ipsum.','2019-02-18 11:32:14','2019-02-18 11:32:14'),(410,12,5,'ea','Assumenda ipsum rerum qui sit possimus et et ut. Velit cumque harum sequi ex tempora culpa. Blanditiis sint voluptas corporis modi.','2019-02-18 11:32:14','2019-02-18 11:32:14'),(411,21,42,'omnis','Sed et et voluptatem eum impedit. Eos earum sit atque consectetur atque sed impedit ullam. Dicta iusto molestiae iusto optio. Asperiores odio nulla debitis facilis at.','2019-02-18 11:32:14','2019-02-18 11:32:14'),(412,5,98,'soluta','Quia labore et ab. Officiis repellendus ut officia laboriosam error. Laboriosam eveniet quaerat quia qui molestiae architecto vel sit. Amet perferendis qui corporis.','2019-02-18 11:32:14','2019-02-18 11:32:14'),(413,11,54,'repudiandae','Corrupti non voluptatem dolorum et repellat. Provident quasi et necessitatibus magni. Et accusamus ut quia minima quod impedit animi. Ut ipsum quo cum. Et autem voluptates voluptatem consequatur.','2019-02-18 11:32:14','2019-02-18 11:32:14'),(414,10,49,'ut','Aspernatur accusamus quaerat tempore. Assumenda commodi totam dolorem perferendis. Dolore aperiam sed repellendus ad.','2019-02-18 11:32:14','2019-02-18 11:32:14'),(415,21,82,'provident','Nisi et nihil sed nihil. Repudiandae tempore quia rerum. Fugiat quam fuga quod voluptatum quidem. Cumque et dicta quasi provident aspernatur est.','2019-02-18 11:32:14','2019-02-18 11:32:14'),(416,12,16,'saepe','Modi laborum totam eius voluptatem facilis sunt. Ea id consectetur ad optio voluptatibus. Iure accusamus totam quia ut.','2019-02-18 11:32:14','2019-02-18 11:32:14'),(417,22,43,'minus','Odit quae non omnis deserunt sed facere numquam. Id fugiat neque et. Eaque explicabo possimus id quidem earum vel sit. Voluptatem illo ab distinctio sint ipsum ut.','2019-02-18 11:32:14','2019-02-18 11:32:14'),(418,12,57,'ab','Totam aliquid nihil sunt quisquam enim. Vel iure quo aut quod. Libero culpa assumenda tenetur dolores et quo.','2019-02-18 11:32:14','2019-02-18 11:32:14'),(419,13,70,'provident','Eos odio labore dolor doloremque et. Magnam est molestiae deleniti aliquid. Nemo rerum asperiores tenetur ut atque eligendi. Dignissimos quas aut illo enim ducimus saepe libero.','2019-02-18 11:32:14','2019-02-18 11:32:14'),(420,5,74,'suscipit','Dolores veniam sunt nihil ut omnis. Nemo dolorum iusto dolores dolor dolore harum vel. Pariatur dolore molestiae perferendis non quo aut cum ea. Aut enim vel dignissimos.','2019-02-18 11:32:14','2019-02-18 11:32:14'),(421,15,89,'similique','Eligendi ut eveniet dolore culpa sit est. Eos adipisci nulla est aliquid iure tempora eos illo. Voluptatem et excepturi minima illum consequatur eos.','2019-02-18 11:32:14','2019-02-18 11:32:14'),(422,13,38,'magnam','Veritatis tenetur consequatur unde in nisi. Itaque aut dignissimos et provident voluptatum aut qui. Quia nam consectetur iure ea quidem. Deserunt autem modi eligendi et.','2019-02-18 11:32:14','2019-02-18 11:32:14'),(423,23,80,'quis','Voluptate perspiciatis ut vel rerum magnam ducimus. Recusandae incidunt cumque voluptatem possimus nisi ex eum. Quisquam esse eum amet dolorum dolorem tempore fuga. Ducimus delectus perspiciatis error.','2019-02-18 11:32:14','2019-02-18 11:32:14'),(424,12,96,'omnis','Qui rerum quae velit facere ut eius dolorum. Omnis expedita sunt ipsam non quo voluptas corporis expedita. Et nihil quia magnam non dolorem et.','2019-02-18 11:32:14','2019-02-18 11:32:14'),(425,22,68,'quibusdam','Nostrum minus quo nihil vel temporibus molestiae reiciendis. Quam culpa harum eveniet labore asperiores autem molestiae. Aut voluptatum et ratione placeat fugiat. Modi sapiente reprehenderit laboriosam rerum.','2019-02-18 11:32:14','2019-02-18 11:32:14'),(426,23,57,'facere','Vitae dolores quibusdam alias sed. Ut praesentium earum ullam natus natus dolores qui est. Assumenda voluptas aut ratione nisi nam quaerat. Quis delectus exercitationem dolor modi error.','2019-02-18 11:32:14','2019-02-18 11:32:14'),(427,6,78,'quos','Libero qui maiores ut saepe. Cum temporibus qui vel iure eveniet dignissimos eum. Amet error excepturi pariatur fugiat. Rerum repellat dolor et recusandae.','2019-02-18 11:32:14','2019-02-18 11:32:14'),(428,10,70,'quae','Eveniet quasi vero sint et voluptas. Voluptas dolores facere est. Officiis error quam odit sit ratione.','2019-02-18 11:32:14','2019-02-18 11:32:14'),(429,9,65,'et','Et non vero qui. Maxime eligendi qui dolorem ipsa et itaque. Excepturi dignissimos consequuntur est et beatae qui hic.','2019-02-18 11:32:14','2019-02-18 11:32:14'),(430,12,7,'non','Adipisci rem sit voluptates ea reprehenderit quae ipsa. Officiis qui sed quaerat sit quam. Ab qui quia rerum aut illum illo. Tenetur eaque ut consectetur atque ut consequatur.','2019-02-18 11:32:14','2019-02-18 11:32:14'),(431,12,89,'consequatur','Non vel maiores aut tempora quo. Consequatur ut eveniet nostrum omnis sint modi quia esse. Et soluta sunt error sit tempora voluptas consequuntur. Repellendus consequatur optio harum.','2019-02-18 11:32:14','2019-02-18 11:32:14'),(432,10,45,'est','Enim magnam aspernatur dolorem ut. Quo ipsum veniam dolorem reiciendis dignissimos minus illum. A laborum dolore rem molestias.','2019-02-18 11:32:14','2019-02-18 11:32:14'),(433,4,99,'ipsum','Quaerat veritatis qui consequatur autem quas aut ea. Quas qui quis eos adipisci laudantium aut architecto adipisci. Pariatur nihil harum ut sunt quibusdam rem.','2019-02-18 11:32:14','2019-02-18 11:32:14'),(434,7,50,'earum','Id blanditiis ut modi dolorem ut molestiae. Eum qui optio ab quas. Architecto voluptas doloribus accusantium ex autem voluptatem. Illum odit et suscipit et voluptatem voluptatem molestiae. Iusto mollitia aut repellendus voluptatum eveniet.','2019-02-18 11:32:14','2019-02-18 11:32:14'),(435,3,34,'dicta','Quis dolorem veritatis est animi soluta repellendus omnis. Et animi aliquid ut exercitationem voluptas. Quasi saepe voluptatibus minus id nemo rem sunt perspiciatis.','2019-02-18 11:32:14','2019-02-18 11:32:14'),(436,9,29,'et','Odio non nulla ut placeat. Maxime et sequi magnam adipisci temporibus eos excepturi totam. Delectus qui sed voluptas molestias excepturi.','2019-02-18 11:32:14','2019-02-18 11:32:14'),(437,16,58,'velit','Eum est quidem est ex eveniet odit. Fugiat pariatur itaque omnis quia.','2019-02-18 11:32:14','2019-02-18 11:32:14'),(438,6,61,'voluptas','Magnam deleniti ipsa reprehenderit maiores beatae nihil porro dolor. Qui quod magnam harum. Placeat quo ratione pariatur molestias ullam. Consequatur repudiandae illum minima voluptatem et repudiandae occaecati. Delectus dolores dicta dolorum delectus est assumenda sint.','2019-02-18 11:32:14','2019-02-18 11:32:14'),(439,23,23,'expedita','Velit temporibus officia qui. Voluptas non aut repudiandae fugiat. Labore odit culpa maiores in aut illo. Accusamus saepe incidunt quaerat ab.','2019-02-18 11:32:14','2019-02-18 11:32:14'),(440,10,70,'eum','Sit et consequatur nostrum dolor quo ducimus. Totam vel magnam dolores accusantium ut non. Aliquid ut architecto voluptatibus. Iste porro ut quas.','2019-02-18 11:32:14','2019-02-18 11:32:14'),(441,21,21,'rerum','Qui enim voluptatum consequatur soluta. Natus quia minima ab hic corrupti. Enim saepe ut natus vitae similique.','2019-02-18 11:32:14','2019-02-18 11:32:14'),(442,3,70,'sit','Non vel repellat dolor repellat. Ab possimus eaque tenetur harum adipisci qui numquam. Voluptatem molestias odio aut. Quibusdam quod odit delectus.','2019-02-18 11:32:14','2019-02-18 11:32:14'),(443,21,14,'eligendi','Magni voluptas repellendus culpa ut. Ut quis voluptate voluptas quia. Unde rem quia enim sit blanditiis.','2019-02-18 11:32:14','2019-02-18 11:32:14'),(444,19,59,'commodi','Eos sed voluptatibus voluptates necessitatibus. Qui omnis reiciendis reiciendis mollitia autem quia. Consequatur aperiam officia et laborum suscipit officia iure delectus. Ut sed sit voluptas odio libero. Magni itaque commodi aliquid consequatur quo.','2019-02-18 11:32:14','2019-02-18 11:32:14'),(445,21,97,'voluptates','Atque ea quia esse at autem. Veritatis libero a harum voluptas unde eligendi. Aspernatur soluta ea recusandae dolorem.','2019-02-18 11:32:14','2019-02-18 11:32:14'),(446,18,55,'unde','Velit illum corrupti reiciendis earum facere aut. Amet nesciunt et praesentium et sapiente.','2019-02-18 11:32:14','2019-02-18 11:32:14'),(447,5,9,'suscipit','Totam autem totam qui perferendis. Excepturi velit et voluptatem perferendis facere qui. Minus deleniti dolor occaecati id sint. Consectetur odio laborum pariatur dolorem incidunt sint perspiciatis.','2019-02-18 11:32:14','2019-02-18 11:32:14'),(448,12,14,'harum','Omnis delectus libero nulla voluptates totam aut voluptas saepe. Molestias expedita dolorem omnis sit eius dicta sed. Sunt et non voluptas beatae eveniet quam. Qui eum aliquid earum at.','2019-02-18 11:32:14','2019-02-18 11:32:14'),(449,23,35,'aut','Autem culpa quisquam tempore reiciendis reiciendis odio delectus. Dicta placeat commodi consequatur amet et quis possimus. Est repudiandae repellendus eos sit est consequuntur.','2019-02-18 11:32:14','2019-02-18 11:32:14'),(450,2,48,'ducimus','Atque et sunt tenetur officia ipsum. Quaerat et sunt hic ut placeat. Aspernatur repellendus eos officiis laboriosam mollitia occaecati. Cupiditate odit iure est qui enim autem. Doloribus eum ut et sunt sed.','2019-02-18 11:32:14','2019-02-18 11:32:14'),(451,4,14,'modi','Laudantium nemo vero voluptatem ad. Ipsam voluptate eius sed eum. Omnis soluta soluta in voluptatem.','2019-02-18 11:32:14','2019-02-18 11:32:14'),(452,3,36,'ut','Quia consequatur voluptatibus culpa iure in. Ut et deserunt ratione veniam. Mollitia reprehenderit animi odio dolor voluptatem rerum. Ipsum error eum laudantium.','2019-02-18 11:32:14','2019-02-18 11:32:14'),(453,14,82,'rerum','Sit quia architecto voluptatem sed recusandae. Ad quod et dolorum aut. Asperiores earum illo eveniet voluptatem.','2019-02-18 11:32:14','2019-02-18 11:32:14'),(454,3,70,'sint','Qui ullam animi quia laboriosam sed est. Dolor quidem corrupti maxime aut. Voluptate beatae ea omnis est voluptas assumenda exercitationem. Sed doloribus consequatur optio neque et voluptas fugit ullam.','2019-02-18 11:32:14','2019-02-18 11:32:14'),(455,9,10,'tenetur','Laudantium soluta magni est. Et corporis eveniet id at et eos incidunt eos. Doloribus iste occaecati debitis in aut. Reiciendis ducimus quo et voluptas nemo necessitatibus.','2019-02-18 11:32:14','2019-02-18 11:32:14'),(456,6,16,'autem','Ut sapiente voluptatem totam omnis temporibus qui. Libero quis provident eligendi consequatur similique. Excepturi quia eum iste amet quidem corrupti.','2019-02-18 11:32:14','2019-02-18 11:32:14'),(457,9,77,'voluptatem','Et quia veniam quidem tempora atque voluptatem pariatur accusamus. Sequi tempora perferendis qui earum harum. Tempora magni quis ut tempore.','2019-02-18 11:32:14','2019-02-18 11:32:14'),(458,9,100,'aperiam','Eligendi fuga dolore ut inventore culpa quod illum. Voluptatem consequatur et molestiae. Praesentium nostrum vel deserunt blanditiis. Incidunt asperiores asperiores est odit et impedit incidunt.','2019-02-18 11:32:14','2019-02-18 11:32:14'),(459,18,22,'id','Et autem atque nisi nobis culpa aut aut nisi. Praesentium adipisci voluptas consequatur id aut ut quibusdam. Voluptatem ut aut perferendis omnis consequatur. Asperiores commodi cupiditate optio tempora unde aliquam.','2019-02-18 11:32:14','2019-02-18 11:32:14'),(460,5,3,'cumque','Impedit dolor officiis ratione eaque. Numquam id reprehenderit molestias error iusto quisquam iste et. Cumque consequuntur consequatur doloribus ut.','2019-02-18 11:32:14','2019-02-18 11:32:14'),(461,5,32,'aperiam','Veritatis possimus et sunt quia. Voluptatem maxime nam quidem doloribus. Adipisci maxime et commodi sit et placeat sed dolores.','2019-02-18 11:32:14','2019-02-18 11:32:14'),(462,8,2,'molestiae','Quas qui voluptatem aliquid rerum eos. Aut et beatae hic quo libero. Omnis corporis facilis esse.','2019-02-18 11:32:14','2019-02-18 11:32:14'),(463,14,23,'incidunt','Qui assumenda adipisci neque velit rerum iure eos. Aut corporis rerum eos aut soluta vero nemo. Eius incidunt recusandae consectetur mollitia. Non repellat enim perferendis velit iusto non rerum.','2019-02-18 11:32:14','2019-02-18 11:32:14'),(464,24,36,'iste','Earum sint vero suscipit eum. Tenetur ratione et in sed nesciunt fugiat voluptates. At iusto voluptatem nihil magni dolores aperiam fuga.','2019-02-18 11:32:14','2019-02-18 11:32:14'),(465,22,35,'explicabo','Voluptatem libero repudiandae ad sit dicta distinctio rem. Neque quibusdam et in ducimus perspiciatis quasi ducimus voluptates. Mollitia perferendis vel fuga et ea error sed aut.','2019-02-18 11:32:14','2019-02-18 11:32:14'),(466,16,96,'saepe','Neque nihil aut quos ratione id quidem. Natus veritatis sequi perferendis quas repellendus adipisci. Ut voluptas reprehenderit consectetur officiis atque autem odit. Hic odit amet quia et.','2019-02-18 11:32:14','2019-02-18 11:32:14'),(467,1,91,'quo','Molestias atque dolore porro ipsa ipsam molestias velit. Eius cum quo minima voluptates et et rerum. Dicta autem pariatur quia aliquam nam est.','2019-02-18 11:32:14','2019-02-18 11:32:14'),(468,24,47,'cumque','Hic est ex excepturi est maiores. Nesciunt ab fugit veniam est sint nulla corporis. Nisi delectus asperiores ut excepturi omnis eaque.','2019-02-18 11:32:14','2019-02-18 11:32:14'),(469,5,87,'omnis','Ratione quam occaecati veritatis consectetur autem. Est laudantium dolores et. Laborum enim maiores praesentium perspiciatis rem aliquam deleniti.','2019-02-18 11:32:14','2019-02-18 11:32:14'),(470,23,91,'sint','Magni et id odit autem sapiente necessitatibus aut. Dignissimos commodi aliquam quia dolores. Nam sit at consectetur quis sed iste.','2019-02-18 11:32:14','2019-02-18 11:32:14'),(471,9,73,'nulla','Voluptas voluptatem consequatur odit. Repellat odio quibusdam et aut aperiam rerum. Molestiae non occaecati dignissimos.','2019-02-18 11:32:14','2019-02-18 11:32:14'),(472,5,64,'distinctio','Aut cum possimus omnis voluptatem. Nulla sed totam sint quas quaerat dolor sit praesentium. Eveniet molestias accusantium non pariatur voluptatem.','2019-02-18 11:32:14','2019-02-18 11:32:14'),(473,4,43,'voluptatem','Velit eligendi enim et neque deserunt. Vel sequi adipisci qui magnam. Ullam id consequatur distinctio ipsam minima. Eligendi quia accusamus beatae.','2019-02-18 11:32:14','2019-02-18 11:32:14'),(474,6,50,'harum','Voluptatibus aliquam doloremque blanditiis aut dignissimos eum aut harum. Nihil qui repellendus voluptate delectus. Enim hic ab veritatis doloribus voluptatem est eum.','2019-02-18 11:32:14','2019-02-18 11:32:14'),(475,20,4,'odio','Cum maiores sed eos animi unde voluptatem in fugiat. Minima autem qui sunt quis. Vel optio quasi qui unde.','2019-02-18 11:32:14','2019-02-18 11:32:14'),(476,17,36,'sint','Porro at aut aliquam nobis quaerat repudiandae. Eos sit nemo eos quia aspernatur. Labore voluptatem asperiores autem eos similique.','2019-02-18 11:32:14','2019-02-18 11:32:14'),(477,25,75,'magnam','Dolorem rerum eos aliquam impedit. Eos nam odit cumque ea culpa. Explicabo quasi in aperiam voluptatum magni alias dignissimos.','2019-02-18 11:32:14','2019-02-18 11:32:14'),(478,4,34,'ex','Nobis reiciendis ut laudantium. Laboriosam harum ea architecto. Quia ipsam et sint quos excepturi magni dolores. Dignissimos reprehenderit officia unde et aut in sed fuga.','2019-02-18 11:32:14','2019-02-18 11:32:14'),(479,11,74,'distinctio','Accusantium fugit quisquam cumque labore. Et omnis quis libero vero itaque. Consequatur sapiente ut cupiditate molestiae sed optio. Veritatis debitis corporis et dignissimos non est laboriosam autem. Ea hic ut ipsa odit repellat quia.','2019-02-18 11:32:14','2019-02-18 11:32:14'),(480,11,78,'voluptate','Saepe ut impedit quis ut. Consectetur magni magnam ab modi blanditiis possimus. Id quia non sint aut et.','2019-02-18 11:32:14','2019-02-18 11:32:14'),(481,11,16,'earum','Nobis asperiores velit similique nostrum sed deleniti. Libero quae facere sapiente reprehenderit. Maiores ab omnis dicta nobis nihil dolores. Magnam rerum voluptate numquam ut asperiores. Omnis ipsum animi eveniet sit.','2019-02-18 11:32:14','2019-02-18 11:32:14'),(482,17,74,'ut','Dolores ullam qui non dolor nesciunt. Soluta velit aspernatur et. Deleniti sint commodi ut quibusdam.','2019-02-18 11:32:14','2019-02-18 11:32:14'),(483,15,29,'neque','Quia laborum sunt rerum aliquid dolor quam modi. Omnis sed voluptates magni. Neque ut ut fugit aut dolor occaecati veritatis. Atque cupiditate eum dolores labore natus.','2019-02-18 11:32:14','2019-02-18 11:32:14'),(484,8,31,'qui','Amet quas perspiciatis magni blanditiis minus quo. In atque eaque ut provident dicta. Sapiente quis quam dolor labore non dolores.','2019-02-18 11:32:14','2019-02-18 11:32:14'),(485,7,23,'et','Consectetur aliquid debitis molestias libero optio cum eius sit. Ad vel vitae dolorem quaerat distinctio at. Omnis ratione quas voluptatibus facilis sequi inventore. Optio omnis nam laborum laudantium sapiente.','2019-02-18 11:32:14','2019-02-18 11:32:14'),(486,10,93,'ex','Non et corporis et veritatis cumque incidunt. Voluptatem voluptatem quam ipsa quae.','2019-02-18 11:32:14','2019-02-18 11:32:14'),(487,21,77,'reiciendis','Debitis omnis debitis sit libero dolores. Sit vitae natus dolorum maiores totam cumque optio.','2019-02-18 11:32:14','2019-02-18 11:32:14'),(488,8,48,'cupiditate','Expedita quis nam quod ipsa nam. Doloribus eligendi ex expedita id qui quibusdam. Commodi et aut molestiae minima. Sunt quisquam aut velit exercitationem quia sit et. Consectetur ut dicta porro sunt.','2019-02-18 11:32:14','2019-02-18 11:32:14'),(489,19,51,'nisi','Ea numquam aut consectetur. Occaecati eos saepe soluta eligendi ipsam dolorum. Et at alias ex numquam eaque sed perspiciatis.','2019-02-18 11:32:14','2019-02-18 11:32:14'),(490,19,90,'cupiditate','Alias sed quia voluptatibus quam. Voluptatum quos enim a quidem necessitatibus enim et velit. Sed cupiditate aut molestiae adipisci ipsum quos. Aperiam velit suscipit dolor aliquid.','2019-02-18 11:32:14','2019-02-18 11:32:14'),(491,8,21,'et','Est autem illo accusamus. Quos accusantium quos necessitatibus dolor praesentium. Soluta ut ipsa magni dolores quis et aliquam.','2019-02-18 11:32:14','2019-02-18 11:32:14'),(492,6,71,'et','Dolor aut quia vel temporibus laboriosam sed dolore. Eveniet doloremque aut quos molestias praesentium quidem qui. Aut rem velit distinctio dolorem vel vitae.','2019-02-18 11:32:14','2019-02-18 11:32:14'),(493,23,64,'alias','Perferendis omnis dolorum sed vel velit quia sint. Quas dignissimos beatae optio minima sed. Sint deleniti optio neque reiciendis quod et sed.','2019-02-18 11:32:14','2019-02-18 11:32:14'),(494,21,34,'doloremque','Pariatur nobis ab eaque est vero. Dolores maxime et odit autem. Voluptas qui tenetur doloribus expedita.','2019-02-18 11:32:14','2019-02-18 11:32:14'),(495,20,31,'ex','Perspiciatis qui vitae eligendi consequuntur nostrum unde. Expedita voluptatum provident dignissimos enim. Nisi similique suscipit quas et commodi. Minima doloremque hic ut rerum similique dolore.','2019-02-18 11:32:14','2019-02-18 11:32:14'),(496,17,52,'fugiat','Deserunt pariatur reprehenderit esse nobis quia quia eum. Voluptatem asperiores nisi sed consectetur voluptatum sunt minima maiores. Vero itaque consequuntur ex quia ipsum nihil velit fugiat.','2019-02-18 11:32:14','2019-02-18 11:32:14'),(497,15,20,'non','At maiores est enim rerum sunt. Itaque atque corrupti quia unde. Iure quasi ab animi in. Labore veritatis minima velit fugiat commodi.','2019-02-18 11:32:14','2019-02-18 11:32:14'),(498,7,11,'beatae','Accusantium sed deleniti voluptatem voluptatem aut unde aut. Omnis expedita velit commodi itaque distinctio doloribus rerum. Itaque tenetur ipsum aut vel blanditiis.','2019-02-18 11:32:14','2019-02-18 11:32:14'),(499,17,18,'aperiam','Autem est suscipit ab dolorum. Nihil est dolore ipsum qui est facere vitae fugit. Possimus quis vel corporis cumque ratione vel.','2019-02-18 11:32:14','2019-02-18 11:32:14'),(500,5,38,'amet','Sunt sunt et eius animi. Assumenda non adipisci veniam quia reiciendis sed quia. At omnis eveniet eligendi ut reprehenderit fugiat.','2019-02-18 11:32:14','2019-02-18 11:32:14');
/*!40000 ALTER TABLE `course_contents` ENABLE KEYS */;
UNLOCK TABLES;

--
-- Table structure for table `courses`
--

DROP TABLE IF EXISTS `courses`;
/*!40101 SET @saved_cs_client     = @@character_set_client */;
/*!40101 SET character_set_client = utf8 */;
CREATE TABLE `courses` (
  `id` int(10) unsigned NOT NULL AUTO_INCREMENT,
  `client_id` int(10) unsigned NOT NULL,
  `title` varchar(255) COLLATE utf8mb4_unicode_ci NOT NULL,
  `created_at` timestamp NULL DEFAULT NULL,
  `updated_at` timestamp NULL DEFAULT NULL,
  PRIMARY KEY (`id`),
  KEY `courses_client_id_index` (`client_id`),
  CONSTRAINT `courses_client_id_foreign` FOREIGN KEY (`client_id`) REFERENCES `clients` (`id`) ON DELETE CASCADE ON UPDATE CASCADE
) ENGINE=InnoDB AUTO_INCREMENT=26 DEFAULT CHARSET=utf8mb4 COLLATE=utf8mb4_unicode_ci;
/*!40101 SET character_set_client = @saved_cs_client */;

--
-- Dumping data for table `courses`
--

LOCK TABLES `courses` WRITE;
/*!40000 ALTER TABLE `courses` DISABLE KEYS */;
INSERT INTO `courses` VALUES (1,1,'fuga','2019-02-18 11:32:12','2019-02-18 11:32:12'),(2,1,'esse','2019-02-18 11:32:12','2019-02-18 11:32:12'),(3,1,'molestiae','2019-02-18 11:32:12','2019-02-18 11:32:12'),(4,1,'expedita','2019-02-18 11:32:12','2019-02-18 11:32:12'),(5,1,'quod','2019-02-18 11:32:12','2019-02-18 11:32:12'),(6,1,'laboriosam','2019-02-18 11:32:12','2019-02-18 11:32:12'),(7,1,'fugit','2019-02-18 11:32:12','2019-02-18 11:32:12'),(8,1,'omnis','2019-02-18 11:32:12','2019-02-18 11:32:12'),(9,1,'itaque','2019-02-18 11:32:12','2019-02-18 11:32:12'),(10,1,'est','2019-02-18 11:32:12','2019-02-18 11:32:12'),(11,1,'perferendis','2019-02-18 11:32:12','2019-02-18 11:32:12'),(12,1,'veritatis','2019-02-18 11:32:12','2019-02-18 11:32:12'),(13,1,'accusantium','2019-02-18 11:32:12','2019-02-18 11:32:12'),(14,1,'et','2019-02-18 11:32:12','2019-02-18 11:32:12'),(15,1,'et','2019-02-18 11:32:12','2019-02-18 11:32:12'),(16,1,'iusto','2019-02-18 11:32:12','2019-02-18 11:32:12'),(17,1,'sed','2019-02-18 11:32:12','2019-02-18 11:32:12'),(18,1,'et','2019-02-18 11:32:12','2019-02-18 11:32:12'),(19,1,'nam','2019-02-18 11:32:12','2019-02-18 11:32:12'),(20,1,'est','2019-02-18 11:32:12','2019-02-18 11:32:12'),(21,1,'animi','2019-02-18 11:32:12','2019-02-18 11:32:12'),(22,1,'corporis','2019-02-18 11:32:12','2019-02-18 11:32:12'),(23,1,'tenetur','2019-02-18 11:32:12','2019-02-18 11:32:12'),(24,1,'in','2019-02-18 11:32:12','2019-02-18 11:32:12'),(25,1,'nulla','2019-02-18 11:32:12','2019-02-18 11:32:12');
/*!40000 ALTER TABLE `courses` ENABLE KEYS */;
UNLOCK TABLES;

--
-- Table structure for table `migrations`
--

DROP TABLE IF EXISTS `migrations`;
/*!40101 SET @saved_cs_client     = @@character_set_client */;
/*!40101 SET character_set_client = utf8 */;
CREATE TABLE `migrations` (
  `id` int(10) unsigned NOT NULL AUTO_INCREMENT,
  `migration` varchar(255) COLLATE utf8mb4_unicode_ci NOT NULL,
  `batch` int(11) NOT NULL,
  PRIMARY KEY (`id`)
) ENGINE=InnoDB AUTO_INCREMENT=14 DEFAULT CHARSET=utf8mb4 COLLATE=utf8mb4_unicode_ci;
/*!40101 SET character_set_client = @saved_cs_client */;

--
-- Dumping data for table `migrations`
--

LOCK TABLES `migrations` WRITE;
/*!40000 ALTER TABLE `migrations` DISABLE KEYS */;
INSERT INTO `migrations` VALUES (1,'2010_02_17_172758_create_clients_table',1),(2,'2010_02_17_173800_create_accesses_table',1),(3,'2014_10_12_000000_create_users_table',1),(4,'2014_10_12_100000_create_password_resets_table',1),(5,'2019_02_17_173810_create_courses_table',1),(6,'2019_02_17_173820_create_course_contents_table',1),(7,'2019_02_17_173833_create_user_courses_table',1),(8,'2019_02_17_173845_create_user_course_contents_table',1),(9,'2016_06_01_000001_create_oauth_auth_codes_table',2),(10,'2016_06_01_000002_create_oauth_access_tokens_table',2),(11,'2016_06_01_000003_create_oauth_refresh_tokens_table',2),(12,'2016_06_01_000004_create_oauth_clients_table',2),(13,'2016_06_01_000005_create_oauth_personal_access_clients_table',2);
/*!40000 ALTER TABLE `migrations` ENABLE KEYS */;
UNLOCK TABLES;

--
-- Table structure for table `oauth_access_tokens`
--

DROP TABLE IF EXISTS `oauth_access_tokens`;
/*!40101 SET @saved_cs_client     = @@character_set_client */;
/*!40101 SET character_set_client = utf8 */;
CREATE TABLE `oauth_access_tokens` (
  `id` varchar(100) COLLATE utf8mb4_unicode_ci NOT NULL,
  `user_id` int(11) DEFAULT NULL,
  `client_id` int(10) unsigned NOT NULL,
  `name` varchar(255) COLLATE utf8mb4_unicode_ci DEFAULT NULL,
  `scopes` text COLLATE utf8mb4_unicode_ci,
  `revoked` tinyint(1) NOT NULL,
  `created_at` timestamp NULL DEFAULT NULL,
  `updated_at` timestamp NULL DEFAULT NULL,
  `expires_at` datetime DEFAULT NULL,
  PRIMARY KEY (`id`),
  KEY `oauth_access_tokens_user_id_index` (`user_id`)
) ENGINE=InnoDB DEFAULT CHARSET=utf8mb4 COLLATE=utf8mb4_unicode_ci;
/*!40101 SET character_set_client = @saved_cs_client */;

--
-- Dumping data for table `oauth_access_tokens`
--

LOCK TABLES `oauth_access_tokens` WRITE;
/*!40000 ALTER TABLE `oauth_access_tokens` DISABLE KEYS */;
/*!40000 ALTER TABLE `oauth_access_tokens` ENABLE KEYS */;
UNLOCK TABLES;

--
-- Table structure for table `oauth_auth_codes`
--

DROP TABLE IF EXISTS `oauth_auth_codes`;
/*!40101 SET @saved_cs_client     = @@character_set_client */;
/*!40101 SET character_set_client = utf8 */;
CREATE TABLE `oauth_auth_codes` (
  `id` varchar(100) COLLATE utf8mb4_unicode_ci NOT NULL,
  `user_id` int(11) NOT NULL,
  `client_id` int(10) unsigned NOT NULL,
  `scopes` text COLLATE utf8mb4_unicode_ci,
  `revoked` tinyint(1) NOT NULL,
  `expires_at` datetime DEFAULT NULL,
  PRIMARY KEY (`id`)
) ENGINE=InnoDB DEFAULT CHARSET=utf8mb4 COLLATE=utf8mb4_unicode_ci;
/*!40101 SET character_set_client = @saved_cs_client */;

--
-- Dumping data for table `oauth_auth_codes`
--

LOCK TABLES `oauth_auth_codes` WRITE;
/*!40000 ALTER TABLE `oauth_auth_codes` DISABLE KEYS */;
/*!40000 ALTER TABLE `oauth_auth_codes` ENABLE KEYS */;
UNLOCK TABLES;

--
-- Table structure for table `oauth_clients`
--

DROP TABLE IF EXISTS `oauth_clients`;
/*!40101 SET @saved_cs_client     = @@character_set_client */;
/*!40101 SET character_set_client = utf8 */;
CREATE TABLE `oauth_clients` (
  `id` int(10) unsigned NOT NULL AUTO_INCREMENT,
  `user_id` int(11) DEFAULT NULL,
  `name` varchar(255) COLLATE utf8mb4_unicode_ci NOT NULL,
  `secret` varchar(100) COLLATE utf8mb4_unicode_ci NOT NULL,
  `redirect` text COLLATE utf8mb4_unicode_ci NOT NULL,
  `personal_access_client` tinyint(1) NOT NULL,
  `password_client` tinyint(1) NOT NULL,
  `revoked` tinyint(1) NOT NULL,
  `created_at` timestamp NULL DEFAULT NULL,
  `updated_at` timestamp NULL DEFAULT NULL,
  PRIMARY KEY (`id`),
  KEY `oauth_clients_user_id_index` (`user_id`)
) ENGINE=InnoDB AUTO_INCREMENT=3 DEFAULT CHARSET=utf8mb4 COLLATE=utf8mb4_unicode_ci;
/*!40101 SET character_set_client = @saved_cs_client */;

--
-- Dumping data for table `oauth_clients`
--

LOCK TABLES `oauth_clients` WRITE;
/*!40000 ALTER TABLE `oauth_clients` DISABLE KEYS */;
INSERT INTO `oauth_clients` VALUES (1,NULL,'Laravel Personal Access Client','bYXe7vXiHx8QQwe9Mg9bqn8BHsVcTralNK5i8veZ','http://localhost',1,0,0,'2019-02-18 13:54:24','2019-02-18 13:54:24'),(2,NULL,'Laravel Password Grant Client','FUdf16qnrqJdMr6Rh0ow9vGV2wIbtgiMIenPBqdX','http://localhost',0,1,0,'2019-02-18 13:54:24','2019-02-18 13:54:24');
/*!40000 ALTER TABLE `oauth_clients` ENABLE KEYS */;
UNLOCK TABLES;

--
-- Table structure for table `oauth_personal_access_clients`
--

DROP TABLE IF EXISTS `oauth_personal_access_clients`;
/*!40101 SET @saved_cs_client     = @@character_set_client */;
/*!40101 SET character_set_client = utf8 */;
CREATE TABLE `oauth_personal_access_clients` (
  `id` int(10) unsigned NOT NULL AUTO_INCREMENT,
  `client_id` int(10) unsigned NOT NULL,
  `created_at` timestamp NULL DEFAULT NULL,
  `updated_at` timestamp NULL DEFAULT NULL,
  PRIMARY KEY (`id`),
  KEY `oauth_personal_access_clients_client_id_index` (`client_id`)
) ENGINE=InnoDB AUTO_INCREMENT=2 DEFAULT CHARSET=utf8mb4 COLLATE=utf8mb4_unicode_ci;
/*!40101 SET character_set_client = @saved_cs_client */;

--
-- Dumping data for table `oauth_personal_access_clients`
--

LOCK TABLES `oauth_personal_access_clients` WRITE;
/*!40000 ALTER TABLE `oauth_personal_access_clients` DISABLE KEYS */;
INSERT INTO `oauth_personal_access_clients` VALUES (1,1,'2019-02-18 13:54:24','2019-02-18 13:54:24');
/*!40000 ALTER TABLE `oauth_personal_access_clients` ENABLE KEYS */;
UNLOCK TABLES;

--
-- Table structure for table `oauth_refresh_tokens`
--

DROP TABLE IF EXISTS `oauth_refresh_tokens`;
/*!40101 SET @saved_cs_client     = @@character_set_client */;
/*!40101 SET character_set_client = utf8 */;
CREATE TABLE `oauth_refresh_tokens` (
  `id` varchar(100) COLLATE utf8mb4_unicode_ci NOT NULL,
  `access_token_id` varchar(100) COLLATE utf8mb4_unicode_ci NOT NULL,
  `revoked` tinyint(1) NOT NULL,
  `expires_at` datetime DEFAULT NULL,
  PRIMARY KEY (`id`),
  KEY `oauth_refresh_tokens_access_token_id_index` (`access_token_id`)
) ENGINE=InnoDB DEFAULT CHARSET=utf8mb4 COLLATE=utf8mb4_unicode_ci;
/*!40101 SET character_set_client = @saved_cs_client */;

--
-- Dumping data for table `oauth_refresh_tokens`
--

LOCK TABLES `oauth_refresh_tokens` WRITE;
/*!40000 ALTER TABLE `oauth_refresh_tokens` DISABLE KEYS */;
/*!40000 ALTER TABLE `oauth_refresh_tokens` ENABLE KEYS */;
UNLOCK TABLES;

--
-- Table structure for table `password_resets`
--

DROP TABLE IF EXISTS `password_resets`;
/*!40101 SET @saved_cs_client     = @@character_set_client */;
/*!40101 SET character_set_client = utf8 */;
CREATE TABLE `password_resets` (
  `email` varchar(255) COLLATE utf8mb4_unicode_ci NOT NULL,
  `token` varchar(255) COLLATE utf8mb4_unicode_ci NOT NULL,
  `created_at` timestamp NULL DEFAULT NULL,
  KEY `password_resets_email_index` (`email`)
) ENGINE=InnoDB DEFAULT CHARSET=utf8mb4 COLLATE=utf8mb4_unicode_ci;
/*!40101 SET character_set_client = @saved_cs_client */;

--
-- Dumping data for table `password_resets`
--

LOCK TABLES `password_resets` WRITE;
/*!40000 ALTER TABLE `password_resets` DISABLE KEYS */;
/*!40000 ALTER TABLE `password_resets` ENABLE KEYS */;
UNLOCK TABLES;

--
-- Table structure for table `user_course_contents`
--

DROP TABLE IF EXISTS `user_course_contents`;
/*!40101 SET @saved_cs_client     = @@character_set_client */;
/*!40101 SET character_set_client = utf8 */;
CREATE TABLE `user_course_contents` (
  `user_id` int(10) unsigned NOT NULL,
  `course_content_id` int(10) unsigned NOT NULL,
  `created_at` timestamp NULL DEFAULT NULL,
  `updated_at` timestamp NULL DEFAULT NULL,
  KEY `user_course_contents_user_id_index` (`user_id`),
  KEY `user_course_contents_course_content_id_index` (`course_content_id`),
  CONSTRAINT `user_course_contents_course_content_id_foreign` FOREIGN KEY (`course_content_id`) REFERENCES `course_contents` (`id`) ON DELETE CASCADE ON UPDATE CASCADE,
  CONSTRAINT `user_course_contents_user_id_foreign` FOREIGN KEY (`user_id`) REFERENCES `users` (`id`) ON DELETE CASCADE ON UPDATE CASCADE
) ENGINE=InnoDB DEFAULT CHARSET=utf8mb4 COLLATE=utf8mb4_unicode_ci;
/*!40101 SET character_set_client = @saved_cs_client */;

--
-- Dumping data for table `user_course_contents`
--

LOCK TABLES `user_course_contents` WRITE;
/*!40000 ALTER TABLE `user_course_contents` DISABLE KEYS */;
INSERT INTO `user_course_contents` VALUES (2,319,'2019-02-18 11:32:14','2019-02-18 11:32:14'),(1,36,'2019-02-18 11:32:14','2019-02-18 11:32:14'),(2,286,'2019-02-18 11:32:14','2019-02-18 11:32:14'),(1,31,'2019-02-18 11:32:14','2019-02-18 11:32:14'),(1,401,'2019-02-18 11:32:14','2019-02-18 11:32:14'),(2,391,'2019-02-18 11:32:14','2019-02-18 11:32:14'),(2,168,'2019-02-18 11:32:14','2019-02-18 11:32:14'),(2,308,'2019-02-18 11:32:14','2019-02-18 11:32:14'),(2,355,'2019-02-18 11:32:14','2019-02-18 11:32:14'),(1,36,'2019-02-18 11:32:14','2019-02-18 11:32:14'),(1,343,'2019-02-18 11:32:14','2019-02-18 11:32:14'),(2,405,'2019-02-18 11:32:14','2019-02-18 11:32:14'),(2,140,'2019-02-18 11:32:14','2019-02-18 11:32:14'),(2,160,'2019-02-18 11:32:14','2019-02-18 11:32:14'),(1,340,'2019-02-18 11:32:14','2019-02-18 11:32:14'),(2,64,'2019-02-18 11:32:14','2019-02-18 11:32:14'),(2,70,'2019-02-18 11:32:14','2019-02-18 11:32:14'),(1,158,'2019-02-18 11:32:14','2019-02-18 11:32:14'),(1,331,'2019-02-18 11:32:14','2019-02-18 11:32:14'),(1,100,'2019-02-18 11:32:14','2019-02-18 11:32:14'),(1,127,'2019-02-18 11:32:14','2019-02-18 11:32:14'),(1,14,'2019-02-18 11:32:14','2019-02-18 11:32:14'),(1,266,'2019-02-18 11:32:14','2019-02-18 11:32:14'),(1,240,'2019-02-18 11:32:14','2019-02-18 11:32:14'),(2,273,'2019-02-18 11:32:14','2019-02-18 11:32:14'),(2,344,'2019-02-18 11:32:14','2019-02-18 11:32:14'),(1,322,'2019-02-18 11:32:14','2019-02-18 11:32:14'),(2,63,'2019-02-18 11:32:14','2019-02-18 11:32:14'),(1,465,'2019-02-18 11:32:14','2019-02-18 11:32:14'),(2,210,'2019-02-18 11:32:14','2019-02-18 11:32:14'),(1,171,'2019-02-18 11:32:14','2019-02-18 11:32:14'),(1,234,'2019-02-18 11:32:14','2019-02-18 11:32:14'),(1,217,'2019-02-18 11:32:14','2019-02-18 11:32:14'),(1,456,'2019-02-18 11:32:14','2019-02-18 11:32:14'),(1,316,'2019-02-18 11:32:14','2019-02-18 11:32:14'),(1,114,'2019-02-18 11:32:14','2019-02-18 11:32:14'),(2,433,'2019-02-18 11:32:14','2019-02-18 11:32:14'),(1,39,'2019-02-18 11:32:14','2019-02-18 11:32:14'),(1,424,'2019-02-18 11:32:14','2019-02-18 11:32:14'),(1,378,'2019-02-18 11:32:14','2019-02-18 11:32:14'),(2,174,'2019-02-18 11:32:14','2019-02-18 11:32:14'),(2,38,'2019-02-18 11:32:14','2019-02-18 11:32:14'),(1,224,'2019-02-18 11:32:14','2019-02-18 11:32:14'),(1,464,'2019-02-18 11:32:14','2019-02-18 11:32:14'),(1,456,'2019-02-18 11:32:14','2019-02-18 11:32:14'),(1,489,'2019-02-18 11:32:14','2019-02-18 11:32:14'),(1,191,'2019-02-18 11:32:14','2019-02-18 11:32:14'),(1,347,'2019-02-18 11:32:14','2019-02-18 11:32:14'),(1,333,'2019-02-18 11:32:14','2019-02-18 11:32:14'),(1,298,'2019-02-18 11:32:14','2019-02-18 11:32:14');
/*!40000 ALTER TABLE `user_course_contents` ENABLE KEYS */;
UNLOCK TABLES;

--
-- Table structure for table `user_courses`
--

DROP TABLE IF EXISTS `user_courses`;
/*!40101 SET @saved_cs_client     = @@character_set_client */;
/*!40101 SET character_set_client = utf8 */;
CREATE TABLE `user_courses` (
  `user_id` int(10) unsigned NOT NULL,
  `course_id` int(10) unsigned NOT NULL,
  `created_at` timestamp NULL DEFAULT NULL,
  `updated_at` timestamp NULL DEFAULT NULL,
  KEY `user_courses_user_id_index` (`user_id`),
  KEY `user_courses_course_id_index` (`course_id`),
  CONSTRAINT `user_courses_course_id_foreign` FOREIGN KEY (`course_id`) REFERENCES `courses` (`id`) ON DELETE CASCADE ON UPDATE CASCADE,
  CONSTRAINT `user_courses_user_id_foreign` FOREIGN KEY (`user_id`) REFERENCES `users` (`id`) ON DELETE CASCADE ON UPDATE CASCADE
) ENGINE=InnoDB DEFAULT CHARSET=utf8mb4 COLLATE=utf8mb4_unicode_ci;
/*!40101 SET character_set_client = @saved_cs_client */;

--
-- Dumping data for table `user_courses`
--

LOCK TABLES `user_courses` WRITE;
/*!40000 ALTER TABLE `user_courses` DISABLE KEYS */;
INSERT INTO `user_courses` VALUES (1,24,'2019-02-18 11:32:14','2019-02-18 11:32:14'),(1,13,'2019-02-18 11:32:14','2019-02-18 11:32:14'),(2,1,'2019-02-18 11:32:14','2019-02-18 11:32:14'),(2,3,'2019-02-18 11:32:14','2019-02-18 11:32:14'),(2,25,'2019-02-18 11:32:14','2019-02-18 11:32:14'),(2,21,'2019-02-18 11:32:14','2019-02-18 11:32:14'),(1,7,'2019-02-18 11:32:14','2019-02-18 11:32:14'),(2,23,'2019-02-18 11:32:14','2019-02-18 11:32:14'),(2,10,'2019-02-18 11:32:14','2019-02-18 11:32:14'),(2,20,'2019-02-18 11:32:14','2019-02-18 11:32:14');
/*!40000 ALTER TABLE `user_courses` ENABLE KEYS */;
UNLOCK TABLES;

--
-- Table structure for table `users`
--

DROP TABLE IF EXISTS `users`;
/*!40101 SET @saved_cs_client     = @@character_set_client */;
/*!40101 SET character_set_client = utf8 */;
CREATE TABLE `users` (
  `id` int(10) unsigned NOT NULL AUTO_INCREMENT,
  `client_id` int(10) unsigned DEFAULT NULL,
  `access_id` int(10) unsigned DEFAULT NULL,
  `email` varchar(255) COLLATE utf8mb4_unicode_ci NOT NULL,
  `password` varchar(255) COLLATE utf8mb4_unicode_ci NOT NULL,
  `name` varchar(255) COLLATE utf8mb4_unicode_ci DEFAULT NULL,
  `email_verified_at` timestamp NULL DEFAULT NULL,
  `remember_token` varchar(100) COLLATE utf8mb4_unicode_ci DEFAULT NULL,
  `created_at` timestamp NULL DEFAULT NULL,
  `updated_at` timestamp NULL DEFAULT NULL,
  PRIMARY KEY (`id`),
  UNIQUE KEY `users_email_unique` (`email`),
  KEY `users_client_id_index` (`client_id`),
  KEY `users_access_id_index` (`access_id`),
  CONSTRAINT `users_access_id_foreign` FOREIGN KEY (`access_id`) REFERENCES `accesses` (`id`) ON DELETE CASCADE ON UPDATE CASCADE,
  CONSTRAINT `users_client_id_foreign` FOREIGN KEY (`client_id`) REFERENCES `clients` (`id`) ON DELETE CASCADE ON UPDATE CASCADE
) ENGINE=InnoDB AUTO_INCREMENT=3 DEFAULT CHARSET=utf8mb4 COLLATE=utf8mb4_unicode_ci;
/*!40101 SET character_set_client = @saved_cs_client */;

--
-- Dumping data for table `users`
--

LOCK TABLES `users` WRITE;
/*!40000 ALTER TABLE `users` DISABLE KEYS */;
INSERT INTO `users` VALUES (1,1,1,'user@learningpool.com','$2y$10$TKh8H1.PfQx37YgCzwiKb.KjNyWgaHb9cbcoQgdIVFlYg7B77UdFm','Standard',NULL,NULL,NULL,NULL),(2,1,2,'manager@learningpool.com','$2y$10$TKh8H1.PfQx37YgCzwiKb.KjNyWgaHb9cbcoQgdIVFlYg7B77UdFm','Manager',NULL,NULL,NULL,NULL);
/*!40000 ALTER TABLE `users` ENABLE KEYS */;
UNLOCK TABLES;
/*!40103 SET TIME_ZONE=@OLD_TIME_ZONE */;

/*!40101 SET SQL_MODE=@OLD_SQL_MODE */;
/*!40014 SET FOREIGN_KEY_CHECKS=@OLD_FOREIGN_KEY_CHECKS */;
/*!40014 SET UNIQUE_CHECKS=@OLD_UNIQUE_CHECKS */;
/*!40101 SET CHARACTER_SET_CLIENT=@OLD_CHARACTER_SET_CLIENT */;
/*!40101 SET CHARACTER_SET_RESULTS=@OLD_CHARACTER_SET_RESULTS */;
/*!40101 SET COLLATION_CONNECTION=@OLD_COLLATION_CONNECTION */;
/*!40111 SET SQL_NOTES=@OLD_SQL_NOTES */;

-- Dump completed on 2019-02-18 14:45:22
